qaccver	saccver	pident	length	mismatch	gapopen	qstart	qend	sstart	send	evalue	bitscore
NC_014760.1_0001	UniRef90_A5IXD9	95.9	466	19	0	3	468	1	466	1.1e-250	874.4
NC_014760.1_0002	UniRef90_A0A454AQB6	100	369	0	0	1	369	1	369	3.1e-203	716.5
NC_014760.1_0003	UniRef90_A0A059Y7H2	96	75	3	0	1	75	1	75	1.1e-30	141
NC_014760.1_0004	UniRef90_D3VQ47	92.3	261	20	0	6	266	1	261	5.8e-143	515.8
NC_014760.1_0005	UniRef90_A0A454ANT3	100	263	0	0	1	263	1	263	5.7e-151	542.3
NC_014760.1_0006	UniRef90_A0A2N8U3N8	99.5	393	2	0	1	393	1	393	3e-220	773.1
NC_014760.1_0007	UniRef90_A0A4U0W967	95.4	348	16	0	1	348	1	348	5.7e-191	675.6
NC_014760.1_0008	UniRef90_D3VPX7	95.9	345	14	0	1	345	1	345	1.1e-191	677.9
NC_014760.1_0009	UniRef90_D3VPX8	92	286	23	0	4	289	4	289	1.1e-152	548.1
NC_014760.1_0010	UniRef90_D3VPX9	93.9	114	7	0	1	114	1	114	2.4e-53	216.9
NC_014760.1_0011	UniRef90_A0A4U0W9L7	91	333	30	0	1	333	1	333	9.1e-170	605.1
NC_014760.1_0012	UniRef90_A0A0F2BPC3	97.5	361	9	0	110	470	1	361	1.3e-198	701.4
NC_014760.1_0013	UniRef90_A0A059Y7K1	99.6	263	1	0	5	267	1	263	1.1e-128	468.4
NC_014760.1_0014	UniRef90_Q4U0X8	100	468	0	0	1	468	1	468	2.1e-265	923.3
NC_014760.1_0015	UniRef90_A5J010	100	150	0	0	1	150	1	150	7.5e-71	275.4
NC_014760.1_0016	UniRef90_Q9X776	92.1	534	42	0	1	534	1	534	6.2e-277	961.8
NC_014760.1_0017	UniRef90_A0A059Y7I4	99.8	662	1	0	1	662	1	662	0	1176
NC_014760.1_0018	UniRef90_A5IXF4	91.4	325	28	0	1	325	1	325	1.1e-162	581.6
NC_014760.1_0019	UniRef90_D3VPY7	95	220	11	0	1	220	1	220	5e-116	426
NC_014760.1_0020	UniRef90_A0A2N8U3Q7	100	217	0	0	1	217	1	217	2.8e-119	436.8
NC_014760.1_0021	UniRef90_A0A454AQ35	100	623	0	0	1	623	1	623	0	1184.1
NC_014760.1_0022	UniRef90_A0A2N8U3R1	100	301	0	0	1	301	1	301	4.4e-163	582.8
NC_014760.1_0023	UniRef90_A0A2N8U3S7	100	299	0	0	1	299	1	299	1.9e-158	567.4
NC_014760.1_0024	UniRef90_A0A2N8U3R0	100	276	0	0	1	276	1	276	1.4e-155	557.8
NC_014760.1_0025	UniRef90_A0A059XY96	100	658	0	0	1	658	1	658	0	1233.4
NC_014760.1_0026	UniRef90_A0A2N8U1C0	100	340	0	0	1	340	1	340	3.6e-190	672.9
NC_014760.1_0027	UniRef90_A0A2N8U1A7	100	115	0	0	1	115	1	115	8.9e-56	224.9
NC_014760.1_0028	UniRef90_A0A454AQ66	99.8	473	1	0	1	473	1	473	2.4e-272	946.4
NC_014760.1_0029	UniRef90_A0A4U0WBU3	93	143	10	0	1	143	1	143	1.3e-67	264.6
NC_014760.1_0030	UniRef90_D3VQ02	91.4	444	38	0	1	444	1	444	2e-233	817
NC_014760.1_0031	UniRef90_A0A4U0W9J8	94.1	539	32	0	1	539	1	539	4.3e-286	992.3
NC_014760.1_0032	UniRef90_D3VQ04	95.8	337	14	0	1	337	1	337	5.6e-151	542.7
NC_014760.1_0033	UniRef90_D3VQ05	95.6	361	16	0	1	361	1	361	3.9e-190	672.9
NC_014760.1_0034	UniRef90_D3VQ06	94.4	983	55	0	1	983	1	983	0	1857.8
NC_014760.1_0035	UniRef90_A0A454AQH9	100	3326	0	0	1	3326	1	3326	0	6407.8
NC_014760.1_0036	UniRef90_A0A059Y9L2	99.4	162	1	0	1	162	1	162	2.6e-85	323.6
NC_014760.1_0037	UniRef90_UPI001093DCB0	97	328	10	0	89	416	1	328	3.5e-179	636.7
NC_014760.1_0038	UniRef90_A0A454AQ21	100	413	0	0	1	413	1	413	1.4e-239	837.4
NC_014760.1_0039	UniRef90_A0A2N8U1D2	97.9	233	5	0	1	233	1	233	6.9e-124	452.2
NC_014760.1_0040	UniRef90_A0A2N8U1C1	97.9	194	4	0	1	194	1	194	1.2e-100	374.8
NC_014760.1_0041	UniRef90_A0A4U0W8G7	96.2	78	3	0	1	78	1	78	6.3e-29	135.2
NC_014760.1_0042	UniRef90_D3VQ13	97.5	199	5	0	1	199	1	199	2.3e-104	387.1
NC_014760.1_0043	UniRef90_A0A454AQN5	100	79	0	0	1	79	1	79	2.5e-33	149.8
NC_014760.1_0044	UniRef90_A0A2N8U1C3	89	653	72	0	1	653	84	736	6.2e-239	835.9
NC_014760.1_0045	UniRef90_A0A454API0	100	344	0	0	1	344	1	344	2.7e-177	630.2
NC_014760.1_0046	UniRef90_A5IXI4	97.5	240	6	0	1	240	1	240	6.4e-125	455.7
NC_014760.1_0047	UniRef90_A5IXI5	92.2	180	14	0	4	183	3	182	1e-82	315.1
NC_014760.1_0048	UniRef90_UPI001151F5AE	99.4	347	2	0	1	347	1	347	2.5e-196	694.1
NC_014760.1_0049	UniRef90_A0A454APN2	100	388	0	0	1	388	1	388	6e-197	695.7
NC_014760.1_0050	UniRef90_A0A454AP08	100	170	0	0	1	170	1	170	5.1e-84	319.3
NC_014760.1_0051	UniRef90_A0A454AQ70	100	332	0	0	1	332	1	332	9.4e-183	648.3
NC_014760.1_0052	UniRef90_A0A059Y2R0	98.1	262	5	0	1	262	1	262	4.9e-142	512.7
NC_014760.1_0053	UniRef90_A0A454AQD6	99.6	253	1	0	1	253	1	253	1.6e-142	514.2
NC_014760.1_0054	UniRef90_A0A4U0WBS9	96.4	445	16	0	1	445	1	445	2.3e-240	840.1
NC_014760.1_0055	UniRef90_A0A2N8U1D4	100	224	0	0	1	224	1	224	2.4e-121	443.7
NC_014760.1_0056	UniRef90_D3VQ16	95.8	336	14	0	1	336	1	336	6.8e-181	642.1
NC_014760.1_0057	UniRef90_A0A059Y2R6	97.2	422	12	0	1	422	1	422	4.5e-230	805.8
NC_014760.1_0058	UniRef90_A0A454ANQ4	100	343	0	0	1	343	1	343	1e-192	681.4
NC_014760.1_0059	UniRef90_A0A2N8U1F0	100	49	0	0	1	49	1	49	2.2e-16	92.8
NC_014760.1_0060	UniRef90_A0A059Y365	97.2	107	3	0	1	107	1	107	4e-50	206.1
NC_014760.1_0061	UniRef90_A0A059XYD4	95.1	721	35	0	1	721	1	721	0	1335.5
NC_014760.1_0062	UniRef90_D3VQ22	93.6	326	21	0	1	326	1	326	4.3e-172	612.8
NC_014760.1_0063	UniRef90_A0A059Y7M2	97.8	273	6	0	1	273	1	273	1.2e-148	534.6
NC_014760.1_0064	UniRef90_A0A6D1YDL5	99.6	254	1	0	1	254	1	254	8e-134	485.3
NC_014760.1_0065	UniRef90_A0A4U0W8F0	96	326	13	0	1	326	1	326	1.5e-177	630.9
NC_014760.1_0066	UniRef90_A0A059XYD9	99	1458	14	0	1	1458	1	1458	0	2902.5
NC_014760.1_0067	UniRef90_A0A454APS2	100	407	0	0	1	407	1	407	5.6e-230	805.4
NC_014760.1_0068	UniRef90_A5IXK6	91.3	321	28	0	1	321	1	321	2.2e-165	590.5
NC_014760.1_0069	UniRef90_A0A2N8U1E7	99.5	219	1	0	1	219	1	219	1e-121	444.9
NC_014760.1_0070	UniRef90_A0A454ANY1	100	728	0	0	1	728	1	728	0	1415.2
NC_014760.1_0071	UniRef90_A5IXK9	91.2	421	37	0	1	421	1	421	1e-218	768.1
NC_014760.1_0072	UniRef90_A0A454ANW7	99.7	323	1	0	1	323	1	323	1.8e-194	687.2
NC_014760.1_0073	UniRef90_A0A4U0WAQ6	94.6	386	21	0	1	386	1	386	2.7e-205	723.4
NC_014760.1_0074	UniRef90_A0A454APL8	99.3	142	1	0	1	142	1	142	1.1e-74	288.1
NC_014760.1_0075	UniRef90_D3VQ43	90.4	415	40	0	1	415	1	415	3e-218	766.5
NC_014760.1_0076	UniRef90_A0A454AP33	100	364	0	0	1	364	1	364	1.2e-207	731.1
NC_014760.1_0077	UniRef90_A0A454AP59	100	246	0	0	10	255	1	246	6.4e-131	475.7
NC_014760.1_0078	UniRef90_A0A454ANX1	100	397	0	0	1	397	1	397	1.1e-227	797.7
NC_014760.1_0079	UniRef90_A0A2N8U1F7	98.8	86	1	0	1	86	1	86	6.2e-38	165.2
NC_014760.1_0080	UniRef90_A0A4V5NCD0	99	291	3	0	1	291	1	291	2.5e-155	557
NC_014760.1_0081	UniRef90_A0A2N8U1G3	98.3	173	3	0	1	173	1	173	1.4e-92	347.8
NC_014760.1_0082	UniRef90_D3VQ55	99.4	156	1	0	1	156	1	156	3.5e-79	303.1
NC_014760.1_0083	UniRef90_A5IXM0	99.1	231	2	0	1	231	1	231	1.9e-118	434.1
NC_014760.1_0084	UniRef90_A5IXM1	90.1	152	15	0	1	152	1	152	2.1e-60	240.7
NC_014760.1_0085	UniRef90_A0A059Y392	94.8	426	22	0	5	430	1	426	1.7e-205	724.2
NC_014760.1_0086	UniRef90_A0A454API3	100	253	0	0	1	253	1	253	1.7e-136	494.2
NC_014760.1_0087	UniRef90_D3VQ60	93.2	177	12	0	1	177	1	177	1e-90	341.7
NC_014760.1_0088	UniRef90_A0A4U0W900	91.4	243	21	0	1	243	1	243	5.9e-118	432.6
NC_014760.1_0089	UniRef90_A0A454AQQ9	100	77	0	0	1	77	1	77	8.4e-26	124.8
NC_014760.1_0090	UniRef90_A0A454AQM5	100	286	0	0	1	286	1	286	4e-158	566.2
NC_014760.1_0091	UniRef90_A0A454APP4	100	129	0	0	1	129	1	129	1.5e-64	254.2
NC_014760.1_0092	UniRef90_A0A454AQI3	100	320	0	0	1	320	1	320	5.3e-175	622.5
NC_014760.1_0093	UniRef90_D3VQ66	96.9	327	10	0	1	327	1	327	3.1e-186	659.8
NC_014760.1_0094	UniRef90_A0A454APT9	100	307	0	0	1	307	1	307	1.9e-169	604
NC_014760.1_0095	UniRef90_A0A059Y3A2	95.6	229	10	0	1	229	1	229	1.9e-110	407.5
NC_014760.1_0096	UniRef90_A0A193CK90	100	363	0	0	1	363	1	363	1.2e-207	731.1
NC_014760.1_0097	UniRef90_A0A454AQ90	100	328	0	0	1	328	1	328	1.1e-183	651.4
NC_014760.1_0098	UniRef90_D1CJ40	97.3	74	2	0	1	74	1	74	1.7e-31	143.7
NC_014760.1_0099	UniRef90_D3VQ72	96.7	244	8	0	1	244	1	244	1.8e-127	464.2
NC_014760.1_0100	UniRef90_D3VQ73	94.3	540	27	1	1	536	1	540	5.4e-273	948.7
NC_014760.1_0101	UniRef90_A5IXN6	98.5	68	1	0	1	68	1	68	3e-27	129.4
NC_014760.1_0102	UniRef90_A0A4U0W8Y7	91.2	181	16	0	1	181	1	181	4.4e-86	326.2
NC_014760.1_0103	UniRef90_A0A2N8U1M2	100	302	0	0	1	302	1	302	6.8e-164	585.5
NC_014760.1_0104	UniRef90_A0A059Y3B4	99.5	961	5	0	1	961	1	961	0	1915.2
NC_014760.1_0105	UniRef90_D3VPT7	94.4	373	21	0	1	373	1	373	2.3e-190	673.7
NC_014760.1_0106	UniRef90_D3VPT8	94.8	422	22	0	1	422	1	422	6.2e-224	785.4
NC_014760.1_0107	UniRef90_D3VPT9	95.8	382	16	0	1	382	1	382	2.5e-203	716.8
NC_014760.1_0108	UniRef90_D3VPU0	89.9	800	81	0	1	800	1	800	0	1408.3
NC_014760.1_0109	UniRef90_A0A059Y3B7	94.2	328	18	1	1	327	1	328	6.9e-170	605.5
NC_014760.1_0110	UniRef90_A0A2N8U1I8	100	163	0	0	1	163	1	163	2.9e-76	293.5
NC_014760.1_0111	UniRef90_A0A2N8U1J4	100	405	0	0	1	405	1	405	1.2e-216	761.1
NC_014760.1_0112	UniRef90_A0A2N8U1I9	99.8	646	1	0	1	646	1	646	0	1304.3
NC_014760.1_0113	UniRef90_A0A059Y7U3	98	148	3	0	1	148	1	148	1.2e-76	294.7
NC_014760.1_0114	UniRef90_A0A454APY6	100	685	0	0	1	685	1	685	0	1297.3
NC_014760.1_0115	UniRef90_A0A2N8U1K4	100	128	0	0	1	128	1	128	3.3e-51	209.9
NC_014760.1_0116	UniRef90_D3VPV3	88.8	152	17	0	1	152	1	152	9.9e-71	275
NC_014760.1_0117	UniRef90_I5D5I3	90	130	13	0	2	131	1	130	1.2e-61	244.6
NC_014760.1_0118	UniRef90_A5IXQ6	92.1	290	23	0	1	290	1	290	2e-144	520.8
NC_014760.1_0119	UniRef90_D3VPV6	93.1	347	24	0	1	347	1	347	5.6e-186	659.1
NC_014760.1_0120	UniRef90_D3VPV7	93.9	478	29	0	1	478	1	478	5.9e-263	915.2
NC_014760.1_0121	UniRef90_A0A059Y310	99.2	122	1	0	2	123	1	122	3e-62	246.5
NC_014760.1_0122	UniRef90_A0A059Y7T3	96.7	605	20	0	1	605	1	605	0	1142.5
NC_014760.1_0123	UniRef90_A0A059Y7V3	98.7	232	3	0	1	232	1	232	5.5e-121	442.6
NC_014760.1_0124	UniRef90_A0A2N8U1L8	99.7	795	2	0	1	795	1	795	0	1631.3
NC_014760.1_0125	UniRef90_A0A454AP44	100	613	0	0	1	613	1	613	0	1171
NC_014760.1_0126	UniRef90_D3VPW3	98.3	469	8	0	2	470	2	470	3.1e-256	892.9
NC_014760.1_0127	UniRef90_D3VPW4	96.4	278	10	0	1	278	1	278	5.1e-142	512.7
NC_014760.1_0128	UniRef90_A0A4U0W8C4	97	297	9	0	1	297	1	297	1.2e-152	548.1
NC_014760.1_0129	UniRef90_A0A059XYL9	99.2	633	5	0	1	633	1	633	0	1244.6
NC_014760.1_0130	UniRef90_A5IXR8	97	66	2	0	1	66	1	66	8.2e-30	137.9
NC_014760.1_0131	UniRef90_A0A059Y7V9	99.6	542	2	0	1	542	1	542	9.3e-297	1027.7
NC_014760.1_0132	UniRef90_A0A059Y3E6	100	378	0	0	1	378	1	378	9.6e-208	731.5
NC_014760.1_0133	UniRef90_A0A059XYM7	100	92	0	0	1	92	1	92	8.2e-36	158.3
NC_014760.1_0134	UniRef90_UPI0010AE1F56	98.4	309	5	0	1	309	1	309	8.5e-169	602.4
NC_014760.1_0135	UniRef90_UPI0015D5682C	98.9	189	2	0	1	189	4	192	4.1e-10	74.3
NC_014760.1_0136	UniRef90_A0A0F2BPC3	97.5	361	9	0	110	470	1	361	1.3e-198	701.4
NC_014760.1_0137	UniRef90_UPI0002DFA983	99.6	262	1	0	1	262	1	262	2.1e-92	347.8
NC_014760.1_0138	UniRef90_A0A6D1YGW9	87.3	221	3	1	30	250	1	196	1.4e-97	365.9
NC_014760.1_0139	UniRef90_A0A6D1YGW9	86.9	221	4	1	30	250	1	196	2.4e-97	365.2
NC_014760.1_0140	UniRef90_A0A2N8U1L9	99.3	811	6	0	1	811	1	811	0	1555
NC_014760.1_0141	UniRef90_A0A059Y7W1	98.6	829	12	0	1	829	1	829	0	1639.4
NC_014760.1_0142	UniRef90_D3VPS6	93	286	20	0	1	286	1	286	1.7e-148	534.3
NC_014760.1_0143	UniRef90_A0A454ANQ1	100	318	0	0	1	318	1	318	1.9e-172	614
NC_014760.1_0144	UniRef90_A0A454APF3	100	397	0	0	1	397	1	397	3.6e-221	776.2
NC_014760.1_0145	UniRef90_A0A059Y7V2	98.6	140	2	0	1	140	1	140	1.4e-71	277.7
NC_014760.1_0146	UniRef90_A0A454AQC2	100	193	0	0	1	193	1	193	1.6e-105	391
NC_014760.1_0147	UniRef90_A0A2N8U1P2	95.8	497	21	0	1	497	1	497	1.7e-265	923.7
NC_014760.1_0148	UniRef90_D3VPT2	96	478	19	0	1	478	1	478	6.8e-259	901.7
NC_014760.1_0149	UniRef90_A0A454APV8	100	326	0	0	1	326	1	326	2.9e-176	626.7
NC_014760.1_0150	UniRef90_A5IXT5	97.9	574	12	0	1	574	1	574	2.7e-305	1056.2
NC_014760.1_0151	UniRef90_A0A454APE4	100	427	0	0	1	427	1	427	1.8e-242	847
NC_014760.1_0152	UniRef90_A0A454AQG1	100	105	0	0	23	127	1	105	1.3e-44	188
NC_014760.1_0153	UniRef90_A0A454APV3	100	329	0	0	1	329	1	329	1.9e-183	650.6
NC_014760.1_0154	UniRef90_A0A059Y373	97.9	140	3	0	127	266	1	140	5.4e-72	280
NC_014760.1_0155	UniRef90_A0A454AQF7	100	416	0	0	1	416	1	416	2.4e-236	826.6
NC_014760.1_0156	UniRef90_D3VPX4	93.3	807	54	0	1	807	1	807	0	1488.8
NC_014760.1_0157	UniRef90_A0A2N8U1P8	99.7	397	1	0	1	397	178	574	9.7e-227	794.7
NC_014760.1_0158	UniRef90_A0A2N8U1P8	100	110	0	0	1	110	1	110	1.7e-52	214.2
NC_014760.1_0159	UniRef90_A0A6H0F425	99.7	384	1	0	1	384	183	566	1e-220	774.6
NC_014760.1_0160	UniRef90_A0A6H0F425	100	110	0	0	1	110	3	112	2.2e-52	213.8
NC_014760.1_0161	UniRef90_A0A6F8KAF1	99.5	374	2	0	1	374	177	550	5.9e-210	738.8
NC_014760.1_0162	UniRef90_A0A6F8KAF1	95.5	110	5	0	1	110	3	112	2.2e-50	207.2
NC_014760.1_0163	UniRef90_A0A4U0WCJ9	95.6	501	22	0	1	501	1	501	1.5e-256	894
NC_014760.1_0164	UniRef90_UPI0002F1FB70	100	154	0	0	1	154	1	154	5.9e-79	302.4
NC_014760.1_0165	UniRef90_A0A6F8JFC6	100	151	0	0	1	151	1	151	8.6e-75	288.5
NC_014760.1_0166	UniRef90_A0A454APK9	100	52	0	0	1	52	1	52	2.8e-17	95.9
NC_014760.1_0167	UniRef90_A0A454APF9	100	469	0	0	1	469	1	469	5.6e-266	925.2
NC_014760.1_0168	UniRef90_A0A6F8K085	100	768	0	0	1	768	1	768	0	1560.8
NC_014760.1_0169	UniRef90_A0A6F8JG25	89.6	280	1	1	1	252	1	280	1.1e-77	298.9
NC_014760.1_0170	UniRef90_A0A059Y827	99.8	554	1	0	1	554	133	686	0	1097
NC_014760.1_0171	UniRef90_A5J004	100	112	0	0	1	112	1	112	7.1e-50	205.3
NC_014760.1_0172	UniRef90_A5J025	100	162	0	0	9	170	1	162	1.7e-87	330.9
NC_014760.1_0173	UniRef90_Q6MSS2	99.2	133	1	0	1	133	326	458	1e-66	262.3
NC_014760.1_0174	UniRef90_A0A0F2BPC3	99.3	151	1	0	1	151	211	361	1.2e-76	294.7
NC_014760.1_0175	UniRef90_Q6MRV4	95.7	303	13	0	1	303	1	303	2.5e-161	577
NC_014760.1_0176	UniRef90_UPI00114FC307	94.3	88	5	0	1	88	109	196	2e-39	170.6
NC_014760.1_0177	UniRef90_UPI00056951FC	94.8	269	14	0	110	378	1	269	1.6e-141	511.5
NC_014760.1_0178	UniRef90_A0A2N8U2I2	98.9	279	3	0	1	279	1	279	9.1e-147	528.5
NC_014760.1_0179	UniRef90_D3VQD8	92.3	117	9	0	1	117	1	117	6.1e-52	212.2
NC_014760.1_0180	UniRef90_A0A454AQS3	100	420	0	0	1	420	1	420	9e-199	701.8
NC_014760.1_0181	UniRef90_A0A454ANW3	100	522	0	0	1	522	1	522	3.2e-286	992.6
NC_014760.1_0182	UniRef90_A0A454AP94	100	150	0	0	1	150	1	150	3.8e-83	316.2
NC_014760.1_0183	UniRef90_A0A454AQ61	100	571	0	0	1	571	1	571	0	1082.8
NC_014760.1_0184	UniRef90_A0A454APY4	100	75	0	0	1	75	1	75	2.4e-33	149.8
NC_014760.1_0185	UniRef90_A0A2N8U2N0	98.9	375	4	0	10	384	1109	1483	9.5e-179	635.2
NC_014760.1_0186	UniRef90_A0A454AQF7	99	416	4	0	1	416	1	416	1.2e-235	824.3
NC_014760.1_0187	UniRef90_A0A0F2BPC3	97.5	361	9	0	110	470	1	361	1.7e-198	701
NC_014760.1_0188	UniRef90_UPI0002F6AA53	100	1137	0	0	1	1137	1	1137	0	2291.2
NC_014760.1_0189	UniRef90_I5D716	96.9	413	13	0	1	413	516	928	8.5e-226	791.6
NC_014760.1_0190	UniRef90_UPI0010AE1F56	98.4	309	5	0	1	309	1	309	8.5e-169	602.4
NC_014760.1_0191	UniRef90_I5D716	94	463	28	0	1	463	1	463	7.5e-247	861.7
NC_014760.1_0192	UniRef90_A0A454APY1	99.3	148	1	0	1	148	1	148	1.2e-65	258.1
NC_014760.1_0193	UniRef90_D3VQW0	94.4	357	20	0	1	357	1	357	1.1e-181	644.8
NC_014760.1_0194	UniRef90_A0A2N8U2M5	100	119	0	0	1	119	1	119	4e-59	236.1
NC_014760.1_0195	UniRef90_A0A2N8U2R5	99.7	329	1	0	1	329	1	329	5.3e-178	632.5
NC_014760.1_0196	UniRef90_D3VQC6	93.9	670	41	0	1	670	1	670	0	1243.4
NC_014760.1_0197	UniRef90_A0A454AQJ8	100	307	0	0	1	307	1	307	8.7e-167	595.1
NC_014760.1_0198	UniRef90_A0A2N8U291	100	101	0	0	1	101	1	101	1.2e-45	191
NC_014760.1_0199	UniRef90_A0A2N8U2A2	98.6	70	1	0	1	70	1	70	6.9e-27	128.3
NC_014760.1_0200	UniRef90_A0A454ANX7	100	40	0	0	1	40	8	47	3e-11	75.5
NC_014760.1_0201	UniRef90_A0A059Y8E3	98.2	506	5	1	1	506	1	502	1.8e-286	993.4
NC_014760.1_0202	UniRef90_A0A454AQI8	100	219	0	0	1	219	1	219	1.3e-119	438
NC_014760.1_0203	UniRef90_A0A454APE3	100	211	0	0	1	211	1	211	2.6e-114	420.2
NC_014760.1_0204	UniRef90_A0A454AP69	100	143	0	0	1	143	1	143	1.3e-75	291.2
NC_014760.1_0205	UniRef90_A0A454AP37	100	223	0	0	1	223	1	223	9.3e-118	431.8
NC_014760.1_0206	UniRef90_A0A2N8U2L4	100	142	0	0	1	142	1	142	1.7e-64	254.2
NC_014760.1_0207	UniRef90_A0A454APB0	100	337	0	0	50	386	1	337	6.4e-191	675.6
NC_014760.1_0208	UniRef90_UPI0010ADC941	100	160	0	0	1	160	1	160	1.1e-80	308.9
NC_014760.1_0209	UniRef90_UPI001151F5AE	97.4	192	5	0	1	192	1	192	1.3e-99	371.3
NC_014760.1_0210	UniRef90_A0A2N8U380	92.7	422	30	1	1	421	1	422	9e-223	781.6
NC_014760.1_0211	UniRef90_A0A454AQ84	100	453	0	0	1	453	1	453	9.3e-258	897.9
NC_014760.1_0212	UniRef90_A0A2N8U3B6	99.4	338	2	0	1	338	1	338	4.7e-190	672.5
NC_014760.1_0213	UniRef90_D3VRB1	95.3	298	14	0	1	298	1	298	2.8e-146	526.9
NC_014760.1_0214	UniRef90_A0A2N8U379	99.7	287	1	0	148	434	1	287	3.2e-167	597
NC_014760.1_0215	UniRef90_D3VRA8	95.4	394	18	0	1	394	1	394	1.1e-211	744.6
NC_014760.1_0216	UniRef90_A5IZ26	90.4	333	32	0	1	333	1	333	7e-170	605.5
NC_014760.1_0217	UniRef90_D3VRA6	96.2	79	3	0	1	79	1	79	2.7e-35	156.4
NC_014760.1_0218	UniRef90_A0A059Y964	98.5	274	4	0	1	274	1	274	4.7e-148	532.7
NC_014760.1_0219	UniRef90_D3VRA4	95.8	452	19	0	1	452	1	452	1.9e-234	820.5
NC_014760.1_0220	UniRef90_A0A059Y4C3	99.1	321	3	0	1	321	1	321	2.4e-175	623.6
NC_014760.1_0221	UniRef90_A0A059XZY2	98.4	382	6	0	1	382	1	382	8.5e-212	745
NC_014760.1_0222	UniRef90_A0A059Y4R4	92.5	40	3	0	1	40	1	40	3.5e-7	62
NC_014760.1_0223	UniRef90_A0A059Y961	99.2	132	1	0	1	132	1	132	6.4e-66	258.8
NC_014760.1_0224	UniRef90_A0A454APR6	100	463	0	0	1	463	1	463	2.6e-271	943
NC_014760.1_0225	UniRef90_A0A454AP35	100	679	0	0	1	679	1	679	0	1323.5
NC_014760.1_0226	UniRef90_A0A6F8JFF7	100	643	0	0	1	643	1	643	0	1196.8
NC_014760.1_0227	UniRef90_A0A2N8U361	98.4	184	3	0	1	184	1	184	1.8e-98	367.5
NC_014760.1_0228	UniRef90_A0A059Y957	85.7	224	15	1	1	207	35	258	2.3e-62	247.7
NC_014760.1_0229	UniRef90_UPI0015D52EFC	99.7	317	1	0	23	339	9	325	1.5e-58	235.7
NC_014760.1_0230	UniRef90_D3VR94	88.9	892	99	0	1	892	1	892	0	1536.5
NC_014760.1_0231	UniRef90_A0A454AQ46	100	385	0	0	1	385	1	385	1.6e-218	767.3
NC_014760.1_0232	UniRef90_A0A454APW2	100	1065	0	0	1	1065	1	1065	0	2070.4
NC_014760.1_0233	UniRef90_A0A654IRW4	89.5	306	32	0	5	310	1	306	1.8e-156	560.8
NC_014760.1_0234	UniRef90_A0A454AQ14	100	359	0	0	39	397	1	359	1.4e-201	711.1
NC_014760.1_0235	UniRef90_A0A059Y407	99.4	357	2	0	1	357	1	357	1.6e-184	654.4
NC_014760.1_0236	UniRef90_A0A454AP01	100	1570	0	0	1	1570	1	1570	0	3056.9
NC_014760.1_0237	UniRef90_A5IZ04	87.4	919	116	0	1	919	1	919	0	1519.6
NC_014760.1_0238	UniRef90_A0A454ANU8	100	500	0	0	1	500	1	500	4.1e-283	982.2
NC_014760.1_0239	UniRef90_A5IZ02	98	198	4	0	1	198	1	198	4e-104	386.3
NC_014760.1_0240	UniRef90_A0A454AQ28	100	70	0	0	1	70	1	70	7.1e-32	144.8
NC_014760.1_0241	UniRef90_D3VR82	94.3	335	19	0	1	335	1	335	4.7e-174	619.4
NC_014760.1_0242	UniRef90_A0A4U0WA60	95.3	341	16	0	1	341	1	341	1.5e-180	641
NC_014760.1_0243	UniRef90_A5IYZ8	81.4	140	26	0	1	140	1	140	4.5e-46	193
NC_014760.1_0244	UniRef90_A0A2N8U346	100	88	0	0	1	88	1	88	3.7e-38	166
NC_014760.1_0245	UniRef90_A5IYZ6	97	99	3	0	1	99	1	99	8.8e-44	184.9
NC_014760.1_0246	UniRef90_A5IYZ5	96.7	92	3	0	1	92	1	92	1.4e-43	184.1
NC_014760.1_0247	UniRef90_A0A2N8U341	100	236	0	0	1	236	1	236	5.2e-127	462.6
NC_014760.1_0248	UniRef90_A0A2N8U317	100	361	0	0	1	361	1	361	1.1e-200	708
NC_014760.1_0249	UniRef90_A0A059Y487	100	270	0	0	1	270	1	270	7.4e-154	552
NC_014760.1_0250	UniRef90_D3VR73	94.8	330	17	0	1	330	1	330	4.1e-170	606.3
NC_014760.1_0251	UniRef90_A0A454AQN3	100	163	0	0	1	163	1	163	1.9e-88	334
NC_014760.1_0252	UniRef90_A5IYY8	94.5	91	5	0	1	91	1	91	7.1e-40	171.8
NC_014760.1_0253	UniRef90_A5IYY7	97	101	3	0	1	101	7	107	7.3e-46	191.8
NC_014760.1_0254	UniRef90_A0A4Q1RMA0	97	197	6	0	1	197	1	197	7e-99	369.4
NC_014760.1_0255	UniRef90_A0A059XZU4	96	326	10	1	1	323	1	326	2.4e-119	437.6
NC_014760.1_0256	UniRef90_D3VR67	76.7	146	34	0	1	146	1	146	6.6e-48	199.1
NC_014760.1_0257	UniRef90_A5IYY3	97.9	281	6	0	1	281	1	281	3.6e-151	543.1
NC_014760.1_0258	UniRef90_A5IYY2	97.8	92	2	0	1	92	1	92	3.7e-44	186
NC_014760.1_0259	UniRef90_A5IYY1	96.5	113	4	0	1	113	1	113	6.5e-51	208.8
NC_014760.1_0260	UniRef90_A0A454AP81	100	216	0	0	1	216	1	216	1.8e-113	417.5
NC_014760.1_0261	UniRef90_A5IYX9	99.3	141	1	0	1	141	1	141	7.5e-73	282
NC_014760.1_0262	UniRef90_UPI0004981571	87.7	65	8	0	1	65	1	65	1.1e-21	110.9
NC_014760.1_0263	UniRef90_A5IYX7	93.2	88	6	0	1	88	1	88	4.1e-37	162.5
NC_014760.1_0264	UniRef90_A5IYX6	100	122	0	0	1	122	1	122	1.2e-58	234.6
NC_014760.1_0265	UniRef90_A5IYX5	98.1	108	2	0	1	108	1	108	3.1e-50	206.5
NC_014760.1_0266	UniRef90_A5IYX4	99.4	181	1	0	1	181	1	181	1.1e-95	358.2
NC_014760.1_0267	UniRef90_A5IYX3	98.4	61	1	0	1	61	1	61	3.9e-26	125.6
NC_014760.1_0268	UniRef90_A5IYX2	93.9	131	8	0	1	131	1	131	2.7e-61	243.4
NC_014760.1_0269	UniRef90_D3VR54	96.1	179	7	0	1	179	1	179	8e-88	332
NC_014760.1_0270	UniRef90_A5IYX0	95.7	116	5	0	1	116	1	116	1.1e-53	218
NC_014760.1_0271	UniRef90_A5IYW9	96.1	231	9	0	1	231	1	231	1.5e-115	424.5
NC_014760.1_0272	UniRef90_A5IYW8	95.8	144	6	0	1	144	1	144	2.6e-65	256.9
NC_014760.1_0273	UniRef90_A0A059Y8Y1	95.2	351	13	1	1	351	1	347	1.1e-189	671.4
NC_014760.1_0274	UniRef90_A0A2N8U2V0	100	330	0	0	1	330	1	330	8.7e-189	668.3
NC_014760.1_0275	UniRef90_D3VR38	95.9	493	19	1	1	492	1	493	8.8e-254	884.8
NC_014760.1_0276	UniRef90_A0A2N8U2Y6	100	216	0	0	1	216	1	216	3.1e-118	433.3
NC_014760.1_0277	UniRef90_D3VR36	94.8	249	13	0	1	249	1	249	1.5e-132	481.1
NC_014760.1_0278	UniRef90_A0A2N8U2V9	100	72	0	0	1	72	1	72	9.5e-32	144.4
NC_014760.1_0279	UniRef90_A0A059XZR9	100	37	0	0	1	37	1	37	1.6e-11	76.3
NC_014760.1_0280	UniRef90_A5IYW1	100	123	0	0	1	123	1	123	1.3e-57	231.1
NC_014760.1_0281	UniRef90_A0A2N8TZD1	100	133	0	0	1	133	1	133	6e-64	252.3
NC_014760.1_0282	UniRef90_D3VR32	94.9	336	17	0	1	336	1	336	9.5e-167	595.1
NC_014760.1_0283	UniRef90_A5IYV8	98.3	121	2	0	1	121	1	121	1.1e-59	238
NC_014760.1_0284	UniRef90_A0A059XZR6	99.6	265	1	0	1	265	1	265	4.9e-142	512.7
NC_014760.1_0285	UniRef90_A0A059Y4I9	98.4	312	5	0	1	312	1	312	1.4e-167	597.8
NC_014760.1_0286	UniRef90_D3VR28	91.4	301	26	0	1	301	1	301	4.1e-145	523.1
NC_014760.1_0287	UniRef90_A0A4U0WA53	90.9	350	32	0	1	350	1	350	6.6e-179	635.6
NC_014760.1_0288	UniRef90_A5IYV3	94.2	258	15	0	1	258	1	258	8.5e-139	501.9
NC_014760.1_0289	UniRef90_D3VR24	94.1	222	13	0	1	222	1	222	1.1e-110	408.3
NC_014760.1_0290	UniRef90_D3VR23	93	431	30	0	1	431	1	431	3.5e-222	779.6
NC_014760.1_0291	UniRef90_D3VR22	96.6	233	8	0	1	233	1	233	1.7e-122	447.6
NC_014760.1_0292	UniRef90_D3VR21	91.2	274	24	0	1	274	1	274	1.3e-142	514.6
NC_014760.1_0293	UniRef90_A5IYU8	93.1	422	29	0	1	422	1	422	2.5e-225	790
NC_014760.1_0294	UniRef90_A0A059XZQ6	93.6	512	33	0	1	512	1	512	8.3e-255	888.3
NC_014760.1_0295	UniRef90_A0A2N8U2U5	100	92	0	0	1	92	1	92	1.5e-37	164.1
NC_014760.1_0296	UniRef90_D3VR17	94.5	327	18	0	1	327	1	327	8.1e-171	608.6
NC_014760.1_0297	UniRef90_A0A2N8U2W2	100	355	0	0	1	355	1	355	6.3e-193	682.2
NC_014760.1_0298	UniRef90_A0A059Y426	99.4	700	4	0	1	700	1	700	0	1316.6
NC_014760.1_0299	UniRef90_A0A2N8U2R6	100	389	0	0	6	394	1	389	1.4e-222	780.8
NC_014760.1_0300	UniRef90_A0A454APL6	100	728	0	0	1	728	1	728	0	1392.5
NC_014760.1_0301	UniRef90_UPI0010AE1F56	98.4	309	5	0	1	309	1	309	8.5e-169	602.4
NC_014760.1_0302	UniRef90_A0A059Y8Z2	98.5	134	2	0	1	134	1	134	4e-68	266.2
NC_014760.1_0303	UniRef90_O84898	100	571	0	0	1	571	1	571	0	1119.4
NC_014760.1_0304	UniRef90_A0A4U0WAD9	97.3	113	3	0	1	113	1	113	1.1e-58	234.6
NC_014760.1_0305	UniRef90_A0A454AQR6	100	568	0	0	1	568	1	568	2.9e-285	989.6
NC_014760.1_0306	UniRef90_A5IYT8	91	278	25	0	1	278	1	278	2.6e-146	526.9
NC_014760.1_0307	UniRef90_A0A454AQ19	100	278	0	0	1	278	1	278	9.4e-152	545
NC_014760.1_0308	UniRef90_A0A4U0WA67	98.4	488	8	0	1	488	1	488	7.6e-274	951.4
NC_014760.1_0309	UniRef90_A0A454APM8	100	745	0	0	1	745	1	745	0	1455.7
NC_014760.1_0310	UniRef90_A0A454AQG2	100	301	0	0	1	301	1	301	4.7e-157	562.8
NC_014760.1_0311	UniRef90_A0A454AQ73	100	400	0	0	1	400	1	400	5.5e-230	805.4
NC_014760.1_0312	UniRef90_A0A454ANS4	100	324	0	0	1	324	1	324	1e-178	634.8
NC_014760.1_0313	UniRef90_A0A454AQF7	99	416	4	0	1	416	1	416	2e-235	823.5
NC_014760.1_0314	UniRef90_A5IYT0	98.1	54	1	0	1	54	1	54	8.2e-21	108.2
NC_014760.1_0315	UniRef90_A0A454APN6	100	323	0	0	1	323	1	323	2.2e-176	627.1
NC_014760.1_0316	UniRef90_A0A059Y4G0	99	414	4	0	1	414	1	414	2.3e-218	766.9
NC_014760.1_0317	UniRef90_A0A059Y8X9	98.7	543	7	0	1	543	1	543	2.8e-301	1042.7
NC_014760.1_0318	UniRef90_A0A454ANY3	100	523	0	0	1	523	1	523	2.6e-288	999.6
NC_014760.1_0319	UniRef90_UPI0010AE1F56	98.4	309	5	0	1	309	1	309	8.5e-169	602.4
NC_014760.1_0320	UniRef90_A0A4U0WA75	96.2	264	10	0	1	264	1	264	3.6e-145	523.1
NC_014760.1_0321	UniRef90_A0A2N8U2Q0	98.8	243	3	0	1	243	1	243	1e-130	474.9
NC_014760.1_0322	UniRef90_A0A059Y8T4	96.5	483	17	0	1	483	1	483	3.7e-273	949.1
NC_014760.1_0323	UniRef90_A5IYS0	98.3	597	10	0	1	597	1	597	0	1155.6
NC_014760.1_0324	UniRef90_A0A4U0WBW9	94.4	252	14	0	1	252	1	252	3.2e-135	490
NC_014760.1_0325	UniRef90_A0A059Y4F0	99.5	217	1	0	1	217	1	217	7.9e-106	392.1
NC_014760.1_0326	UniRef90_A0A2N8U2R1	99.9	1139	1	0	1	1139	1	1139	0	2202.9
NC_014760.1_0327	UniRef90_A5IYR6	100	116	0	0	1	116	1	116	2.6e-55	223.4
NC_014760.1_0328	UniRef90_A5IYR5	98.4	62	1	0	1	62	1	62	5.9e-22	111.7
NC_014760.1_0329	UniRef90_A5IYR4	96	202	8	0	1	202	1	202	1.8e-99	370.9
NC_014760.1_0330	UniRef90_A0A059Y4E5	94.1	222	13	0	1	222	1	222	6.2e-106	392.5
NC_014760.1_0331	UniRef90_A0A059Y8W5	97.3	297	8	0	1	297	1	297	4.2e-158	566.2
NC_014760.1_0332	UniRef90_A0A059Y8S3	96.9	740	23	0	1	740	1	740	0	1410.6
NC_014760.1_0333	UniRef90_A0A059Y3Z3	98.7	372	5	0	1	372	1	372	1.7e-180	641
NC_014760.1_0334	UniRef90_A0A4U0WBX6	96.8	311	10	0	1	311	1	311	1.5e-150	541.2
NC_014760.1_0335	UniRef90_A5IYQ8	97.8	90	2	0	1	90	1	90	1.8e-40	173.7
NC_014760.1_0336	UniRef90_D3VQX8	93	200	14	0	1	200	1	200	4.9e-102	379.4
NC_014760.1_0337	UniRef90_A0A4V6WKP3	93.5	139	9	0	1	139	1	139	2.8e-64	253.4
NC_014760.1_0338	UniRef90_A0A059Y3Z0	99.7	321	1	0	1	321	1	321	2e-169	604
NC_014760.1_0339	UniRef90_A0A4U0WA95	94.1	523	31	0	1	523	1	523	7.4e-283	981.5
NC_014760.1_0340	UniRef90_A0A454AQS5	100	295	0	0	1	295	1	295	1.4e-166	594.3
NC_014760.1_0341	UniRef90_A0A454APN4	100	296	0	0	1	296	1	296	7.4e-163	582
NC_014760.1_0342	UniRef90_A0A454APJ7	100	382	0	0	1	382	1	382	2.3e-209	736.9
NC_014760.1_0343	UniRef90_D3VQX1	91	234	21	0	1	234	1	234	4.1e-116	426.4
NC_014760.1_0344	UniRef90_A0A059XZL1	98.5	620	9	0	1	620	1	620	0	1156
NC_014760.1_0345	UniRef90_A0A454ANZ9	100	910	0	0	1	910	1	910	0	1732.6
NC_014760.1_0346	UniRef90_A0A4U0WAJ0	91.2	294	26	0	1	294	1	294	4.5e-144	519.6
NC_014760.1_0347	UniRef90_A0A2N8U2R9	100	110	0	0	1	110	1	110	9.4e-55	221.5
NC_014760.1_0348	UniRef90_A5IYP5	96.3	135	5	0	1	135	1	135	1.5e-62	247.7
NC_014760.1_0349	UniRef90_A5IYP4	98.6	144	2	0	1	144	1	144	3.4e-73	283.1
NC_014760.1_0350	UniRef90_A0A454AQF7	99	416	4	0	1	416	1	416	2e-235	823.5
NC_014760.1_0351	UniRef90_A0A059Y4C5	98.1	320	6	0	1	320	1	320	9.7e-169	601.7
NC_014760.1_0352	UniRef90_I5D6U3	97.2	352	10	0	1	352	1	352	8.4e-198	698.4
NC_014760.1_0353	UniRef90_I5D6U2	95.3	235	11	0	1	235	1	235	1.6e-123	451.1
NC_014760.1_0354	UniRef90_A0A059Y3X3	100	50	0	0	1	50	1	50	7.3e-18	97.8
NC_014760.1_0355	UniRef90_A0A6F8JX84	99.6	282	1	0	113	394	1	282	5.1e-79	303.9
NC_014760.1_0356	UniRef90_A0A059Y4B9	98.9	273	3	0	1	273	1	273	7.5e-146	525.4
NC_014760.1_0357	UniRef90_A5IY69	98	395	8	0	1	395	1	395	1.2e-224	787.7
NC_014760.1_0358	UniRef90_A0A059Y8Q1	99.3	415	3	0	1	415	1	415	6.6e-226	792
NC_014760.1_0359	UniRef90_A0A059Y3W8	98.9	654	7	0	1	654	1	654	0	1266.5
NC_014760.1_0360	UniRef90_A0A4V5NCH8	93.1	736	51	0	1	736	1	736	0	1348.2
NC_014760.1_0361	UniRef90_A0A454AQF8	100	869	0	0	1	869	1	869	0	1627.1
NC_014760.1_0362	UniRef90_A0A454AQ37	100	743	0	0	1	743	1	743	0	1431.4
NC_014760.1_0363	UniRef90_A0A454AP63	100	749	0	0	1	749	1	749	0	1367.8
NC_014760.1_0364	UniRef90_A0A454APB8	100	856	0	0	1	856	1	856	0	1657.1
NC_014760.1_0365	UniRef90_A0A454APT6	100	503	0	0	1	503	1	503	8.1e-263	914.8
NC_014760.1_0366	UniRef90_A0A454AQP6	100	165	0	0	1	165	1	165	1.3e-84	321.2
NC_014760.1_0367	UniRef90_D3VQE8	94.1	306	18	0	1	306	1	306	6e-152	545.8
NC_014760.1_0368	UniRef90_D3VQE9	91.6	154	13	0	1	154	1	154	2.9e-70	273.5
NC_014760.1_0369	UniRef90_A0A4U0WAL5	92.1	747	58	1	1	747	1	746	0	1243
NC_014760.1_0370	UniRef90_A0A059XZI4	99.2	524	4	0	1	524	1	524	3.3e-291	1009.2
NC_014760.1_0371	UniRef90_A0A059Y4A4	99.3	459	3	0	1	459	1	459	3.8e-251	875.9
NC_014760.1_0372	UniRef90_A0A6F8JJ82	100	356	0	0	1	356	1	356	3.9e-187	662.9
NC_014760.1_0373	UniRef90_A0A6H0F4S2	100	794	0	0	1	794	1	794	0	1553.5
NC_014760.1_0374	UniRef90_D3VQF6	90.5	296	28	0	1	296	1	296	4.9e-151	542.7
NC_014760.1_0375	UniRef90_A0A2N8U2J7	98.9	548	6	0	1	548	1	548	1.1e-310	1073.5
NC_014760.1_0376	UniRef90_D3VQF8	94	733	44	0	1	733	1	733	0	1357
NC_014760.1_0377	UniRef90_A0A2N8U2I7	98.2	222	4	0	1	222	1	222	1.8e-113	417.5
NC_014760.1_0378	UniRef90_A0A2N8U2P3	100	334	0	0	1	334	1	334	2.2e-187	663.7
NC_014760.1_0379	UniRef90_A0A059XZH4	99.8	452	1	0	1	452	1	452	2.9e-259	902.9
NC_014760.1_0380	UniRef90_A0A2N8U2H5	99.6	253	1	0	1	253	1	253	2.8e-126	460.3
NC_014760.1_0381	UniRef90_A0A2N8U2P9	100	106	0	0	1	106	1	106	7.7e-46	191.8
NC_014760.1_0382	UniRef90_D3VQG4	93.8	192	12	0	1	192	1	192	9.2e-90	338.6
NC_014760.1_0383	UniRef90_I5D5Z9	92.4	485	37	0	1	485	1	485	6.3e-236	825.5
NC_014760.1_0384	UniRef90_A0A2N8U2K9	100	100	0	0	1	100	1	100	7.7e-48	198.4
NC_014760.1_0385	UniRef90_A5IY97	98.9	187	2	0	1	187	1	187	2.8e-99	370.2
NC_014760.1_0386	UniRef90_A0A2N8U2H0	100	312	0	0	1	312	1	312	1.5e-166	594.3
NC_014760.1_0387	UniRef90_A0A2N8U2I0	100	605	0	0	1	605	1	605	0	1099.7
NC_014760.1_0388	UniRef90_A0A059Y3U0	99.2	598	5	0	1	598	1	598	0	1116.7
NC_014760.1_0389	UniRef90_A0A059XZG3	93	647	45	0	1	647	1	647	0	1183.7
NC_014760.1_0390	UniRef90_D3VQH2	93.5	309	20	0	1	309	1	309	1.5e-171	610.9
NC_014760.1_0391	UniRef90_A0A059Y8R2	96.7	91	3	0	1	91	1	91	4.9e-41	175.6
NC_014760.1_0392	UniRef90_A0A4U0WA33	97.1	276	8	0	1	276	1	276	6.1e-151	542.3
NC_014760.1_0393	UniRef90_D3VQH5	90.2	430	42	0	1	430	1	430	1e-221	778.1
NC_014760.1_0394	UniRef90_A0A4U0WAD2	95	416	21	0	1	416	1	416	2.7e-227	796.6
NC_014760.1_0395	UniRef90_A0A2N8U2G1	100	110	0	0	1	110	1	110	2.1e-54	220.3
NC_014760.1_0396	UniRef90_A5IYA8	93	454	32	0	1	454	1	454	3.4e-236	826.2
NC_014760.1_0397	UniRef90_UPI0010AE1F56	98.4	309	5	0	1	309	1	309	8.5e-169	602.4
NC_014760.1_0398	UniRef90_A5IYA9	100	396	0	0	1	396	1	396	1.3e-223	784.3
NC_014760.1_0399	UniRef90_A0A2N8U3B6	99.4	338	2	0	1	338	1	338	4.7e-190	672.5
NC_014760.1_0400	UniRef90_A0A2N8U2J1	98.5	134	2	0	1	134	1	134	1.8e-68	267.3
NC_014760.1_0401	UniRef90_A0A454APP2	100	185	0	0	1	185	1	185	8.5e-101	375.2
NC_014760.1_0402	UniRef90_A0A454ANV1	100	309	0	0	1	309	1	309	1.4e-172	614.4
NC_014760.1_0403	UniRef90_A0A454ANX3	100	623	0	0	1	623	1	623	0	1223.8
NC_014760.1_0404	UniRef90_A5IYB4	83.7	123	20	0	1	123	1	123	7.1e-43	182.2
NC_014760.1_0405	UniRef90_A0A4U0WAF9	88.4	379	33	2	1	368	1	379	3.4e-125	457.2
NC_014760.1_0406	UniRef90_A0A059XZF2	99.7	341	1	0	1	341	1	341	6.7e-144	519.2
NC_014760.1_0407	UniRef90_UPI001152856E	100	38	0	0	1	38	1	38	8.9e-10	70.9
NC_014760.1_0408	UniRef90_N9TZU5	93.1	666	31	2	1	652	1	665	0	1176.8
NC_014760.1_0409	UniRef90_A0A059Y3S3	99.5	433	2	0	1	433	1	433	8.1e-243	848.2
NC_014760.1_0410	UniRef90_A0A454APJ0	100	195	0	0	1	195	1	195	4.5e-68	266.5
NC_014760.1_0411	UniRef90_N9SQX1	94.8	574	30	0	1	574	1	574	0	1093.6
NC_014760.1_0412	UniRef90_A0A2T4IA76	95	323	16	0	1	323	1	323	5.1e-164	587
NC_014760.1_0413	UniRef90_A0A454APZ6	100	314	0	0	1	314	1	314	2.7e-91	344.4
NC_014760.1_0414	UniRef90_N9U9X9	98.4	183	3	0	1	183	1	183	4.8e-80	306.2
NC_014760.1_0415	UniRef90_A0A2N8U3B6	99.4	338	2	0	1	338	1	338	4.7e-190	672.5
NC_014760.1_0416	UniRef90_A0A454AQF7	89.4	66	7	0	7	72	351	416	3e-25	122.9
NC_014760.1_0417	UniRef90_A0A454AQ41	100	228	0	0	1	228	1	228	2.1e-80	307.8
NC_014760.1_0418	UniRef90_UPI0010AE1F56	99.7	309	1	0	1	309	1	309	2.2e-172	614.4
NC_014760.1_0419	UniRef90_A0A3B0P1A7	98.5	133	2	0	108	240	1	133	3.7e-62	247.3
NC_014760.1_0420	UniRef90_D3VQJ7	95.8	331	14	0	1	331	1	331	1.3e-176	627.9
NC_014760.1_0421	UniRef90_D3VQJ8	98.1	582	11	0	1	582	1	582	0	1141.3
NC_014760.1_0422	UniRef90_D3VQJ9	91.8	146	12	0	1	146	1	146	1.5e-60	241.1
NC_014760.1_0423	UniRef90_A0A454ANW6	100	233	0	0	1	233	1	233	9.7e-110	405.2
NC_014760.1_0424	UniRef90_A0A2N8U2D6	96.4	557	20	0	1	557	1	557	1.1e-310	1074.3
NC_014760.1_0425	UniRef90_A0A454APA1	100	156	0	0	1	156	1	156	6.8e-75	288.9
NC_014760.1_0426	UniRef90_A5IYD9	91.5	272	22	1	1	272	1	271	1.1e-136	495
NC_014760.1_0427	UniRef90_A5IYE0	98.7	75	1	0	1	75	1	75	6.5e-23	115.2
NC_014760.1_0428	UniRef90_A0A059Y8I5	100	190	0	0	1	190	7	196	8.8e-93	348.6
NC_014760.1_0429	UniRef90_A0A454ANR8	100	186	0	0	1	186	1	186	3.9e-93	349.7
NC_014760.1_0430	UniRef90_A5IYE3	92.8	528	38	0	1	528	1	528	3.9e-276	959.1
NC_014760.1_0431	UniRef90_A5IYE4	91.3	287	25	0	1	287	1	287	2.7e-138	500.4
NC_014760.1_0432	UniRef90_D3VQL0	93.8	485	30	0	1	485	1	485	6e-255	888.6
NC_014760.1_0433	UniRef90_A0A059Y8I1	99.3	137	1	0	1	137	1	137	1.5e-65	257.7
NC_014760.1_0434	UniRef90_A0A2N8U2C6	100	303	0	0	1	303	1	303	2.3e-164	587
NC_014760.1_0435	UniRef90_A0A2N8U2D8	100	168	0	0	1	168	1	168	1.6e-85	324.3
NC_014760.1_0436	UniRef90_A0A2N8U2D9	100	241	0	0	1	241	1	241	7.2e-124	452.2
NC_014760.1_0437	UniRef90_A0A454AQN4	100	1043	0	0	1	1043	1	1043	0	2029.6
NC_014760.1_0438	UniRef90_A0A4U0WAQ7	95.3	779	37	0	1	779	1	779	0	1512.7
NC_014760.1_0439	UniRef90_A0A059Y3P4	95.8	236	10	0	1	236	1	236	4.9e-117	429.5
NC_014760.1_0440	UniRef90_A5IYF5	94.7	208	11	0	1	208	1	208	9.6e-109	401.7
NC_014760.1_0441	UniRef90_A0A4U0WA64	96.8	186	6	0	1	186	1	186	3.3e-92	346.7
NC_014760.1_0442	UniRef90_A0A454ANQ8	100	648	0	0	1	648	1	648	0	1291.9
NC_014760.1_0443	UniRef90_A0A454APH0	100	227	0	0	1	227	1	227	3.7e-122	446.4
NC_014760.1_0444	UniRef90_A0A2N8U2B6	96	125	5	0	1	125	1	125	7.1e-59	235.3
NC_014760.1_0445	UniRef90_D3VQN6	90.3	380	37	0	1	380	1	380	2e-197	697.2
NC_014760.1_0446	UniRef90_A0A454ANX6	100	405	0	0	1	405	1	405	6e-224	785.4
NC_014760.1_0447	UniRef90_A0A4U0WC45	96	299	12	0	1	299	1	299	4.8e-154	552.7
NC_014760.1_0448	UniRef90_A0A2N8U2B0	100	142	0	0	1	142	1	142	2.4e-71	276.9
NC_014760.1_0449	UniRef90_D3VQP0	96.8	222	7	0	1	222	1	222	6.6e-108	399.1
NC_014760.1_0450	UniRef90_D3VQP1	95	519	26	0	1	519	18	536	2.1e-274	953.4
NC_014760.1_0451	UniRef90_A0A059XZA8	99.3	150	1	0	1	150	1	150	3.1e-77	296.6
NC_014760.1_0452	UniRef90_D3VQP3	91.4	315	27	0	1	315	1	315	8.9e-167	595.1
NC_014760.1_0453	UniRef90_A0A454AQ01	100	172	0	0	1	172	1	172	8.5e-95	355.1
NC_014760.1_0454	UniRef90_D3VQP5	94.6	668	36	0	1	668	1	668	0	1249.6
NC_014760.1_0455	UniRef90_D3VQP6	97.1	943	27	0	1	943	1	943	0	1837.4
NC_014760.1_0456	UniRef90_A0A059Y3M3	98.2	228	4	0	1	228	1	228	1.6e-117	431
NC_014760.1_0457	UniRef90_A0A2N8U2A8	97.8	269	6	0	1	269	1	269	7.4e-146	525.4
NC_014760.1_0458	UniRef90_A0A4U0WC57	97	367	11	0	1	367	1	367	2.7e-199	703.4
NC_014760.1_0459	UniRef90_A0A2N8U2F7	100	159	0	0	1	159	1	159	3e-70	273.5
NC_014760.1_0460	UniRef90_D3VQQ1	93.4	182	12	0	1	182	1	182	7.4e-89	335.5
NC_014760.1_0461	UniRef90_A5IYH4	99.4	163	1	0	1	163	1	163	5.1e-81	309.3
NC_014760.1_0462	UniRef90_D3VQL8	96.3	410	15	0	1	410	1	410	2.5e-225	790
NC_014760.1_0463	UniRef90_A0A454ANV0	100	214	0	0	1	214	1	214	3.1e-118	433.3
NC_014760.1_0464	UniRef90_A0A454AP57	100	1515	0	0	1	1515	1	1515	0	2820.4
NC_014760.1_0465	UniRef90_A5IYH9	93.3	195	13	0	1	195	1	195	1.5e-92	347.8
NC_014760.1_0466	UniRef90_A0A4V5NCG1	96.8	941	30	0	1	941	1	941	0	1784.6
NC_014760.1_0467	UniRef90_A0A059Y3L4	99.3	745	5	0	1	745	1	745	0	1165.6
NC_014760.1_0468	UniRef90_A0A2N8U291	100	101	0	0	1	101	1	101	1.2e-45	191
NC_014760.1_0469	UniRef90_A0A2N8U2A2	98.6	70	1	0	1	70	1	70	6.9e-27	128.3
NC_014760.1_0470	UniRef90_A0A454ANX7	100	40	0	0	1	40	8	47	3e-11	75.5
NC_014760.1_0471	UniRef90_A0A059Y8E3	99.8	502	1	0	1	502	1	502	9.2e-291	1007.7
NC_014760.1_0472	UniRef90_A0A454AQI8	100	219	0	0	1	219	1	219	1.3e-119	438
NC_014760.1_0473	UniRef90_A0A454AQ78	100	220	0	0	1	220	1	220	1.9e-115	424.1
NC_014760.1_0474	UniRef90_A0A454AQH0	100	143	0	0	1	143	1	143	9.9e-73	281.6
NC_014760.1_0475	UniRef90_A0A454AQQ6	100	88	0	0	1	88	1	88	6.6e-43	181.8
NC_014760.1_0476	UniRef90_A0A059Y8I6	98.9	283	3	0	1	283	1	283	3.4e-157	563.1
NC_014760.1_0477	UniRef90_A0A2N8U283	100	88	0	0	1	88	1	88	2.6e-39	169.9
NC_014760.1_0478	UniRef90_A0A059Y3K6	99.6	669	3	0	1	669	1	669	0	1308.9
NC_014760.1_0479	UniRef90_A0A059XZ85	92.7	464	34	0	1	464	1	464	1.1e-234	821.2
NC_014760.1_0480	UniRef90_A0A059Y3Z7	95	40	2	0	1	40	1	40	3.9e-11	75.1
NC_014760.1_0481	UniRef90_UPI0002E724BF	100	66	0	0	1	66	1	66	3.4e-28	132.5
NC_014760.1_0482	UniRef90_UPI00138A177B	100	280	0	0	1	280	93	372	1.9e-88	334.7
NC_014760.1_0483	UniRef90_A0A059Y8D3	100	37	0	0	1	37	1	37	1.1e-9	71.2
NC_014760.1_0484	UniRef90_UPI001151F5AE	98.8	347	4	0	1	347	1	347	2.3e-194	687.6
NC_014760.1_0485	UniRef90_A0A6F8K103	99.2	129	1	0	1	129	1	129	3.4e-64	253.1
NC_014760.1_0486	UniRef90_A0A454AP94	94	150	9	0	1	150	1	150	5.7e-79	302.4
NC_014760.1_0487	UniRef90_D3VQQ3	90	240	24	0	1	240	1	240	2.7e-115	423.7
NC_014760.1_0488	UniRef90_A0A2N8U287	92.3	728	34	6	1	723	1	711	0	1331.2
NC_014760.1_0489	UniRef90_A5IYK3	92.6	242	18	0	1	242	1	242	3.2e-116	426.8
NC_014760.1_0490	UniRef90_A5IYK4	96.6	146	5	0	1	146	1	146	1e-69	271.6
NC_014760.1_0491	UniRef90_A5IYK5	96.7	880	29	0	1	880	1	880	0	1683.3
NC_014760.1_0492	UniRef90_A5IYK6	97.6	374	9	0	1	374	1	374	3.4e-213	749.6
NC_014760.1_0493	UniRef90_D3VQQ9	94.2	241	14	0	1	241	1	241	3.8e-125	456.4
NC_014760.1_0494	UniRef90_A0A6F8K0U8	100	507	0	0	1	507	1	507	6.8e-217	762.3
NC_014760.1_0495	UniRef90_D3VQR3	78.6	56	12	0	1	56	765	820	3.1e-14	85.9
NC_014760.1_0496	UniRef90_UPI0002E4C57C	100	123	0	0	1	123	1	123	9.5e-64	251.5
NC_014760.1_0497	UniRef90_A0A6F8JXZ9	100	44	0	0	1	44	1	44	5e-13	81.6
NC_014760.1_0499	UniRef90_A0A059Y3I9	100	98	0	0	1	98	318	415	6.2e-50	205.3
NC_014760.1_0500	UniRef90_A0A454AQ04	100	349	0	0	1	349	1	349	1.7e-198	700.7
NC_014760.1_0501	UniRef90_A0A6F8JGB8	100	194	0	0	1	194	1	194	3.4e-92	346.7
NC_014760.1_0502	UniRef90_D3VQS2	97.7	346	8	0	8	353	1	346	1.1e-194	688
NC_014760.1_0503	UniRef90_A0A4U0W8X9	96.3	243	9	0	1	243	1	243	9.4e-132	478.4
NC_014760.1_0504	UniRef90_A0A454ANZ1	100	278	0	0	1	278	1	278	3e-158	566.6
NC_014760.1_0505	UniRef90_D3VQS5	95.3	450	21	0	1	450	1	450	4.4e-244	852.4
NC_014760.1_0506	UniRef90_D3VQS6	92.5	992	74	0	1	992	1	992	0	1722.6
NC_014760.1_0507	UniRef90_A0A2N8U246	100	228	0	0	1	228	1	228	4.7e-117	429.5
NC_014760.1_0508	UniRef90_A5IYM9	91	334	30	0	1	334	1	334	7e-170	605.5
NC_014760.1_0509	UniRef90_I5D6S7	92.7	548	40	0	1	548	1	548	5.2e-287	995.3
NC_014760.1_0510	UniRef90_D3VQT0	92.6	94	7	0	1	94	1	94	5.6e-40	172.2
NC_014760.1_0511	UniRef90_A0A4U0W9I9	95.1	247	12	0	1	247	1	247	4.7e-131	476.1
NC_014760.1_0512	UniRef90_D3VQT2	91.6	322	27	0	1	322	1	322	4.8e-168	599.4
NC_014760.1_0513	UniRef90_A0A2N8U2A3	100	333	0	0	1	333	1	333	1.7e-195	690.6
NC_014760.1_0514	UniRef90_A0A2N8U247	100	463	0	0	1	463	1	463	1.4e-264	920.6
NC_014760.1_0515	UniRef90_D3VQT5	94.4	502	28	0	1	502	1	502	1.1e-280	974.2
NC_014760.1_0516	UniRef90_A0A4U0W9X0	95.4	259	12	0	1	259	1	259	1.2e-129	471.5
NC_014760.1_0517	UniRef90_D3VQT7	91.8	564	46	0	1	564	1	564	2.5e-305	1056.2
NC_014760.1_0518	UniRef90_A0A2N8U240	99.8	438	1	0	1	438	1	438	1.8e-250	873.6
NC_014760.1_0519	UniRef90_A0A454APH5	100	556	0	0	1	556	1	556	2.4e-300	1039.6
NC_014760.1_0520	UniRef90_I5D6T8	90.1	151	15	0	1	151	1	151	2e-76	293.9
NC_014760.1_0521	UniRef90_UPI0010AEDCFE	100	212	0	0	1	212	121	332	1e-116	428.3
NC_014760.1_0522	UniRef90_Q6MRV4	97.4	420	11	0	1	420	1	420	1.4e-231	810.8
NC_014760.1_0523	UniRef90_A0A059Y407	99.4	357	2	0	1	357	1	357	1.6e-184	654.4
NC_014760.1_0524	UniRef90_A0A2N8U289	100	79	0	0	1	79	364	442	2.8e-37	162.9
NC_014760.1_0525	UniRef90_A5IY67	92.5	107	8	0	1	107	1	107	3.5e-46	193
NC_014760.1_0526	UniRef90_A0A4U0W8Z6	94.7	132	7	0	1	132	1	132	9.8e-59	235
NC_014760.1_0527	UniRef90_A5IY65	92.4	145	11	0	1	145	1	145	5.4e-66	259.2
NC_014760.1_0528	UniRef90_A0A059XZ33	99.8	611	1	0	5	615	1	611	0	1218.8
NC_014760.1_0529	UniRef90_A0A449AXJ5	90.5	348	33	0	3	350	1	348	1.2e-180	641.3
NC_014760.1_0530	UniRef90_A5IY62	95.2	837	40	0	3	839	1	837	0	1580.5
NC_014760.1_0531	UniRef90_A5IY61	97.5	81	2	0	1	81	1	81	5.5e-36	158.7
NC_014760.1_0532	UniRef90_A0A4U0WB14	97.1	583	17	0	1	583	1	583	2.3e-309	1069.7
NC_014760.1_0533	UniRef90_A0A2N8U212	100	310	0	0	1	310	1	310	1.3e-165	591.3
NC_014760.1_0534	UniRef90_A0A4U0W9K5	90.7	451	42	0	1	451	1	451	1.3e-238	834.3
NC_014760.1_0535	UniRef90_A0A454AP68	100	596	0	0	1	596	1	596	0	1088.2
NC_014760.1_0536	UniRef90_A0A454AQG3	100	458	0	0	1	458	1	458	7.2e-266	924.9
NC_014760.1_0537	UniRef90_A0A4U0W9E9	97.8	646	14	0	1	646	1	646	0	1256.5
NC_014760.1_0538	UniRef90_I5D5V8	93.7	509	32	0	1	509	1	509	1.3e-252	880.9
NC_014760.1_0539	UniRef90_A0A059Y3U1	98.5	261	4	0	1	261	1	261	7.5e-143	515.4
NC_014760.1_0540	UniRef90_A0A454AP84	100	454	0	0	1	454	1	454	1.1e-261	911
NC_014760.1_0541	UniRef90_D3VQ96	90.4	167	16	0	1	167	1	167	3.7e-79	303.1
NC_014760.1_0542	UniRef90_A0A059XZ21	97.4	612	16	0	1	612	13	624	0	1186.4
NC_014760.1_0543	UniRef90_A0A454ANV9	100	298	0	0	1	298	1	298	4.6e-157	562.8
NC_014760.1_0544	UniRef90_A5IY48	95.3	317	15	0	1	317	1	317	6e-163	582.4
NC_014760.1_0545	UniRef90_D3VQ92	93.8	308	19	0	1	308	1	308	5e-162	579.3
NC_014760.1_0546	UniRef90_A0A454APR3	100	282	0	0	1	282	1	282	9.5e-160	571.6
NC_014760.1_0547	UniRef90_A0A2N8U210	93.7	457	25	1	1	457	1	453	1.3e-219	771.2
NC_014760.1_0548	UniRef90_UPI0002E155FD	98.8	80	1	0	1	80	1	80	9.6e-33	147.9
NC_014760.1_0549	UniRef90_A0A059XZ16	98.6	769	11	0	1	769	1	769	3.2e-194	687.6
NC_014760.1_0550	UniRef90_A0A2N8U217	92.5	613	45	1	1	612	1	613	4.6e-276	959.1
NC_014760.1_0551	UniRef90_A0A4U0W9Z8	90.8	695	64	0	1	695	1	695	0	1272.3
NC_014760.1_0552	UniRef90_A0A059Y861	99.8	479	1	0	1	479	1	479	4.7e-252	879
NC_014760.1_0553	UniRef90_D3VQ85	92.8	503	36	0	1	503	1	503	5.1e-255	889
NC_014760.1_0554	UniRef90_A0A4U0WB34	93.8	449	28	0	1	449	1	449	6.6e-232	812
NC_014760.1_0555	UniRef90_A0A059Y407	99.4	357	2	0	1	357	1	357	1.6e-184	654.4
NC_014760.1_0556	UniRef90_Q6MRV4	97	363	11	0	1	363	1	363	2.3e-198	700.3
NC_014760.1_0557	UniRef90_A0A454AP28	100	299	0	0	1	299	1	299	1.6e-69	271.9
NC_014760.1_0558	UniRef90_A0A4U0W9M6	91.9	99	8	0	1	99	1	99	7.4e-43	181.8
NC_014760.1_0559	UniRef90_A0A6D1YG89	99.7	302	1	0	1	302	1	302	1.4e-132	481.5
NC_014760.1_0560	UniRef90_A0A059XZ10	99.1	106	1	0	19	124	1	106	2.1e-47	197.2
NC_014760.1_0561	UniRef90_A0A059Y3S6	100	307	0	0	1	307	33	339	3e-151	543.5
NC_014760.1_0562	UniRef90_UPI0010AE1F56	98.4	309	5	0	1	309	1	309	8.5e-169	602.4
NC_014760.1_0563	UniRef90_D3VQ77	93.2	428	29	0	1	428	1	428	1.2e-222	781.2
NC_014760.1_0564	UniRef90_D3VPS5	97.6	491	12	0	1	491	1	491	3.2e-264	919.5
NC_014760.1_0565	UniRef90_A5IY26	92.1	151	12	0	1	151	1	151	1.3e-67	264.6
NC_014760.1_0566	UniRef90_D3VPS3	90.4	666	64	0	1	666	1	666	0	1196.4
NC_014760.1_0567	UniRef90_A0A454AP49	100	355	0	0	1	355	1	355	1.7e-190	674.1
NC_014760.1_0568	UniRef90_UPI001151F5AE	99.1	347	3	0	1	347	1	347	2.8e-195	690.6
NC_014760.1_0569	UniRef90_A0A4U0W9M0	92.7	591	41	1	1	589	1	591	3.5e-310	1072.4
NC_014760.1_0570	UniRef90_A0A4U0W9N2	98.2	274	5	0	1	274	1	274	3.5e-143	516.5
NC_014760.1_0571	UniRef90_A0A4V5NES9	89.2	324	35	0	9	332	1	324	5.4e-146	526.2
NC_014760.1_0572	UniRef90_A0A4U0W931	96	225	9	0	1	225	181	405	4.6e-117	429.5
NC_014760.1_0573	UniRef90_A0A4U0W931	92.1	178	14	0	1	178	1	178	2e-83	317.4
NC_014760.1_0574	UniRef90_A0A4U0W9H8	96.2	263	10	0	1	263	1	263	5.6e-146	525.8
NC_014760.1_0575	UniRef90_A5IY18	98.9	88	1	0	1	88	1	88	2.6e-39	169.9
NC_014760.1_0576	UniRef90_A0A2N8U1Y3	98.6	295	4	0	1	295	1	295	1.2e-160	574.7
NC_014760.1_0577	UniRef90_A0A4U0W8W8	98.2	280	5	0	1	280	1	280	6.3e-156	558.9
NC_014760.1_0578	UniRef90_A0A059Y3R5	100	288	0	0	1	288	1	288	4.1e-158	566.2
NC_014760.1_0579	UniRef90_A0A2N8U1Z4	99.5	788	4	0	1	788	1	788	0	1456
NC_014760.1_0580	UniRef90_D3VPR1	95.9	320	13	0	1	320	1	320	5.1e-170	605.9
NC_014760.1_0581	UniRef90_A0A2N8U1Y1	98.5	198	3	0	1	198	1	198	3.1e-101	376.7
NC_014760.1_0582	UniRef90_A0A059Y3R1	100	619	0	0	1	619	1	619	0	1224.9
NC_014760.1_0583	UniRef90_A0A454APD1	100	236	0	0	5	240	1	236	9.3e-124	451.8
NC_014760.1_0584	UniRef90_A5IY09	92.5	892	67	0	1	892	1	892	0	1688.3
NC_014760.1_0585	UniRef90_D3VPQ6	93.3	539	36	0	1	539	1	539	8.9e-292	1011.1
NC_014760.1_0586	UniRef90_A4Q814	88.2	51	6	0	89	139	31	81	3.7e-16	93.6
NC_014760.1_0587	UniRef90_UPI00145F3AD0	99.5	215	1	0	1	215	1	215	9.4e-115	421.8
NC_014760.1_0588	UniRef90_A0A059Y407	99.4	357	2	0	1	357	1	357	1.6e-184	654.4
NC_014760.1_0589	UniRef90_A0A654IHZ6	88.4	550	64	0	3	552	232	781	2.4e-268	933.3
NC_014760.1_0590	UniRef90_A0A014NNY6	90.1	484	47	1	1	483	1	484	1.4e-256	894
NC_014760.1_0591	UniRef90_A0A6F8JGD2	100	352	0	0	154	505	1	352	1.9e-195	691
NC_014760.1_0592	UniRef90_A0A6F8JKE8	100	265	0	0	1	265	1	265	3.3e-146	526.6
NC_014760.1_0593	UniRef90_A0A454ANS6	100	438	0	0	1	438	1	438	2.5e-244	853.2
NC_014760.1_0595	UniRef90_A0A454APB7	100	756	0	0	1	756	1	756	0	1484.9
NC_014760.1_0596	UniRef90_A0A2N8U1V0	99.7	347	1	0	1	347	1	347	1.4e-189	671
NC_014760.1_0597	UniRef90_A0A059Y3Q1	100	477	0	0	1	477	1	477	1e-270	941
NC_014760.1_0598	UniRef90_A0A2N8U1W2	100	741	0	0	1	741	1	741	0	1426.8
NC_014760.1_0599	UniRef90_A0A2N8U1W7	100	80	0	0	1	80	1	80	1.2e-30	141
NC_014760.1_0600	UniRef90_A0A059Y3B5	100	220	0	0	1	220	1	220	5e-124	452.6
NC_014760.1_0601	UniRef90_A5IY02	90.7	281	26	0	1	281	1	281	3.8e-145	523.1
NC_014760.1_0602	UniRef90_A0A4U0W954	96.6	319	11	0	1	319	1	319	6.5e-168	599
NC_014760.1_0603	UniRef90_A0A2N8U1W4	100	250	0	0	1	250	1	250	2.6e-137	496.9
NC_014760.1_0604	UniRef90_I5D5R0	90.3	195	19	0	1	195	1	195	5.6e-95	355.9
NC_014760.1_0605	UniRef90_A0A0F2BPC3	97.5	361	9	0	110	470	1	361	1.3e-198	701.4
NC_014760.1_0606	UniRef90_I5D5Q9	91.3	80	7	0	1	80	1	80	2.4e-28	133.3
NC_014760.1_0607	UniRef90_D3VPM7	90.9	729	66	0	1	729	1	729	0	1315.4
NC_014760.1_0608	UniRef90_A0A2N8U1Z5	99.6	268	1	0	1	268	1	268	2.5e-149	537
NC_014760.1_0609	UniRef90_A0A454APA5	100	516	0	0	1	516	1	516	4e-305	1055.4
NC_014760.1_0610	UniRef90_D3VPM4	93.6	94	6	0	1	94	1	94	7e-43	181.8
NC_014760.1_0611	UniRef90_D3VPM3	97.5	354	7	1	1	352	1	354	4.5e-183	649.4
NC_014760.1_0612	UniRef90_A0A6H0F1C4	96	75	3	0	1	75	1	75	2.3e-31	143.3
NC_014760.1_0613	UniRef90_A0A2N8U1V3	100	161	0	0	1	161	1	161	1.8e-86	327.4
NC_014760.1_0614	UniRef90_A5IXZ0	98	50	1	0	1	50	1	50	6.9e-21	107.8
NC_014760.1_0615	UniRef90_A0A059Y3A6	95.3	232	11	0	1	232	1	232	1.5e-118	434.5
NC_014760.1_0616	UniRef90_A5IXY8	95.5	111	5	0	1	111	1	111	2.1e-54	220.3
NC_014760.1_0617	UniRef90_A0A059Y3N5	95	461	22	1	1	461	1	460	4.4e-247	862.4
NC_014760.1_0618	UniRef90_A0A059Y854	89.3	726	72	4	1	724	1	722	0	1205.3
NC_014760.1_0619	UniRef90_A0A059Y804	97.9	193	4	0	1	193	3	195	5.4e-106	392.5
NC_014760.1_0620	UniRef90_A5IXY4	98.9	89	1	0	1	89	1	89	3.8e-38	166
NC_014760.1_0621	UniRef90_D3VPQ2	96.7	184	6	0	1	184	1	184	1.4e-100	374.4
NC_014760.1_0622	UniRef90_A5IXY2	95.7	648	28	0	1	648	1	648	0	1250.3
NC_014760.1_0623	UniRef90_A0A2N8U1U7	98.7	314	4	0	1	314	1	314	1e-178	634.8
NC_014760.1_0624	UniRef90_UPI0015D53BED	100	298	0	0	1	298	59	356	1.9e-142	514.2
NC_014760.1_0625	UniRef90_A0A059Y800	94.6	37	2	0	1	37	16	52	4.5e-9	68.2
NC_014760.1_0626	UniRef90_UPI0002EF7621	99.6	238	1	0	1	238	1	238	3.9e-106	393.3
NC_014760.1_0627	UniRef90_A5IXX6	98.5	328	5	0	1	328	1	328	4.2e-175	622.9
NC_014760.1_0628	UniRef90_A0A454ANR2	100	171	0	0	1	171	25	195	7.2e-94	352.1
NC_014760.1_0629	UniRef90_A0A2N8U1T2	100	109	0	0	1	109	1	109	4.2e-47	196.1
NC_014760.1_0630	UniRef90_A0A454AQF7	98.8	416	5	0	1	416	1	416	3.5e-235	822.8
NC_014760.1_0631	UniRef90_A0A454APZ8	100	98	0	0	1	98	1	98	3.5e-45	189.5
NC_014760.1_0632	UniRef90_A0A2N8U1S8	99.1	324	3	0	1	324	1	324	5e-181	642.5
NC_014760.1_0633	UniRef90_A0A454AQJ3	99.6	238	1	0	1	238	1	238	3.4e-126	459.9
NC_014760.1_0634	UniRef90_D3VPP3	89.3	309	33	0	1	309	1	309	4.5e-155	556.2
NC_014760.1_0635	UniRef90_UPI001151F5AE	99.1	347	3	0	1	347	1	347	7.3e-196	692.6
NC_014760.1_0637	UniRef90_A0A1I9J7L1	100	861	0	0	1	861	1	861	0	1667.1
NC_014760.1_0638	UniRef90_D3VPP1	96.4	638	23	0	1	638	4	641	0	1190.6
NC_014760.1_0639	UniRef90_A0A059Y839	99.4	465	3	0	1	465	1	465	9.2e-253	881.3
NC_014760.1_0640	UniRef90_A0A2N8U1S7	100	205	0	0	1	205	1	205	1.7e-110	407.5
NC_014760.1_0641	UniRef90_A0A2N8U1S3	98.4	182	3	0	1	182	1	182	4e-95	356.3
NC_014760.1_0642	UniRef90_A0A454AQ20	100	339	0	0	1	339	1	339	1.3e-179	637.9
NC_014760.1_0643	UniRef90_A5IXW6	93	343	24	0	249	591	1	343	5.2e-176	626.7
NC_014760.1_0644	UniRef90_A0A2N8U1R8	99.3	150	1	0	1	150	1	150	1.2e-73	284.6
NC_014760.1_0645	UniRef90_A5IXW3	95.3	613	29	0	1	613	1	613	0	1165.2
NC_014760.1_0646	UniRef90_A0A454AQF7	100	416	0	0	1	416	1	416	2.4e-236	826.6
NC_014760.1_0647	UniRef90_A0A2N8U1S9	100	186	0	0	1	186	1	186	2.8e-99	370.2
NC_014760.1_0648	UniRef90_D3VPK8	92.5	775	54	1	1	771	4	778	0	1463.4
NC_014760.1_0649	UniRef90_A0A454API4	100	459	0	0	1	459	1	459	3.2e-250	872.8
NC_014760.1_0650	UniRef90_A0A2N8U1U8	96.9	98	3	0	1	98	24	121	2.2e-47	196.8
NC_014760.1_0651	UniRef90_A0A2N8U1R6	90.6	477	45	0	1	477	1	477	1.3e-249	870.9
NC_014760.1_0652	UniRef90_A0A454AQR4	100	617	0	0	1	617	1	617	0	1209.9
NC_014760.1_0653	UniRef90_D3VPK9	86	50	7	0	1	50	97	146	8.3e-17	94.4
NC_014760.1_0654	UniRef90_A0A6F8K1Q0	100	772	0	0	1	772	1	772	0	1552.3
NC_014760.1_0655	UniRef90_A0A059Y7Y3	97.3	474	13	0	1	474	1	474	6.9e-264	918.3
NC_014760.1_0656	UniRef90_A0A2N8U1T9	98.6	977	14	0	1	977	1	977	0	1893.6
NC_014760.1_0657	UniRef90_A0A454AQK8	100	305	0	0	1	305	1	305	2.5e-174	620.2
NC_014760.1_0658	UniRef90_UPI001151F5AE	99.1	347	3	0	1	347	1	347	2.8e-195	690.6
NC_014760.1_0659	UniRef90_A0A2N8U329	97.5	679	17	0	1	679	1	679	0	1297.3
NC_014760.1_0660	UniRef90_A5IZ33	99.1	697	6	0	1	697	1	697	0	1369.4
NC_014760.1_0661	UniRef90_A5IZ34	96.8	156	5	0	1	156	1	156	1.1e-77	298.1
NC_014760.1_0662	UniRef90_A5IZ35	100	137	0	0	1	137	1	137	3.7e-69	269.6
NC_014760.1_0663	UniRef90_A0A2N8U368	95.3	405	19	0	1	405	1	405	2.8e-213	750
NC_014760.1_0664	UniRef90_D3VRB9	98.7	537	7	0	1	537	1	537	3.7e-306	1058.9
NC_014760.1_0665	UniRef90_UPI0015D668F5	100	66	0	0	1	66	76	141	2.6e-28	132.9
NC_014760.1_0666	UniRef90_A0A2N8U344	100	243	0	0	1	243	1	243	2.2e-133	483.8
NC_014760.1_0667	UniRef90_A0A2N8U376	100	63	0	0	1	63	1	63	2.3e-29	136.3
NC_014760.1_0668	UniRef90_A0A2N8U389	100	284	0	0	1	284	1	284	1e-108	402.1
NC_014760.1_0669	UniRef90_A0A2N8U339	100	462	0	0	1	462	1	462	2.1e-265	923.3
NC_014760.1_0670	UniRef90_D3VRC1	94.8	610	32	0	1	610	1	610	0	1103.6
NC_014760.1_0671	UniRef90_D3VRC2	93.3	594	40	0	1	594	1	594	2.4e-298	1033.1
NC_014760.1_0672	UniRef90_A0A454AQ53	100	489	0	0	1	489	1	489	3.1e-267	929.5
NC_014760.1_0673	UniRef90_I5D635	98.8	81	1	0	1	81	1	81	1.1e-33	151
NC_014760.1_0674	UniRef90_A0A2N8U352	97.5	362	9	0	1	362	1	362	1.1e-197	698
NC_014760.1_0675	UniRef90_A0A2N8U3B6	99.4	338	2	0	1	338	1	338	4.7e-190	672.5
NC_014760.1_0676	UniRef90_A0A059Y983	98.7	384	5	0	1	384	1	384	2.1e-195	690.6
NC_014760.1_0677	UniRef90_A0A454API1	100	2670	0	0	1	2670	1	2670	0	5011.8
NC_014760.1_0678	UniRef90_A5IZ52	96.8	1478	48	0	1	1478	1	1478	0	2809.6
NC_014760.1_0679	UniRef90_I5D639	98.2	1211	22	0	1	1211	1	1211	0	2341.6
NC_014760.1_0680	UniRef90_A0A2N8U358	100	214	0	0	1	214	1	214	1.5e-48	201.8
NC_014760.1_0681	UniRef90_A5IZ59	100	123	0	0	1	123	1	123	1.9e-51	210.7
NC_014760.1_0682	UniRef90_D3VRH1	94.6	167	9	0	1	167	7	173	6.3e-79	302.4
NC_014760.1_0683	UniRef90_A0A2N8U377	100	241	0	0	1	241	1	241	2e-126	460.7
NC_014760.1_0684	UniRef90_D3VRH3	95.9	489	20	0	1	489	1	489	6.9e-275	954.9
NC_014760.1_0685	UniRef90_D3VRH4	91.2	296	26	0	1	296	1	296	6.9e-153	548.9
NC_014760.1_0686	UniRef90_A0A4U0WAA3	97.5	719	18	0	1	719	1	719	0	1357.8
NC_014760.1_0687	UniRef90_I5D648	95.2	722	35	0	1	722	1	722	0	1312
NC_014760.1_0688	UniRef90_I5D649	95.6	666	29	0	12	677	1	666	0	1263.4
NC_014760.1_0689	UniRef90_A0A2N8U378	99.5	365	2	0	1	365	1	365	2.9e-209	736.5
NC_014760.1_0690	UniRef90_A0A454APW1	100	313	0	0	1	313	1	313	1e-170	608.2
NC_014760.1_0691	UniRef90_A5IZ66	96.9	96	3	0	1	96	1	96	5.5e-43	182.2
NC_014760.1_0692	UniRef90_A5IZ67	94.7	227	12	0	1	227	1	227	2.2e-119	437.2
NC_014760.1_0693	UniRef90_A5IZ68	97.4	116	3	0	1	116	1	116	4.9e-54	219.2
NC_014760.1_0694	UniRef90_A0A454AQM7	100	279	0	0	1	279	1	279	2.5e-152	547
NC_014760.1_0695	UniRef90_A0A059Y056	97.2	990	28	0	1	990	1	990	0	1850.1
NC_014760.1_0696	UniRef90_A0A454APS4	100	570	0	0	1	570	1	570	0	1109.4
NC_014760.1_0697	UniRef90_A0A2N8U370	100	288	0	0	1	288	1	288	2.7e-154	553.5
NC_014760.1_0698	UniRef90_A0A2N8U369	100	156	0	0	1	156	1	156	5.5e-85	322.4
NC_014760.1_0699	UniRef90_I5D660	94.7	243	13	0	1	243	1	243	2.3e-130	473.8
NC_014760.1_0700	UniRef90_I5D661	91.5	294	25	0	1	294	1	294	2.4e-153	550.4
NC_014760.1_0701	UniRef90_A0A3P8MEX7	91	122	11	0	1	122	1	122	6.4e-55	223
NC_014760.1_0702	UniRef90_I5D663	94.4	161	9	0	1	161	1	161	8e-79	302
NC_014760.1_0703	UniRef90_A5IZ78	95.7	94	4	0	1	94	1	94	3e-41	176.4
NC_014760.1_0704	UniRef90_A0A454AP82	100	602	0	0	1	602	1	602	0	1126.7
NC_014760.1_0705	UniRef90_A5IZ80	97.7	352	8	0	1	352	1	352	2.4e-189	670.2
NC_014760.1_0706	UniRef90_A0A059Y4L1	99.3	285	2	0	1	285	1	285	1.7e-156	560.8
NC_014760.1_0707	UniRef90_UPI0002E3A4F3	100	231	0	0	1	231	1	231	3e-119	436.8
NC_014760.1_0708	UniRef90_A0A6D1YGN0	100	31	0	0	1	31	1	31	2.1e-7	63.2
NC_014760.1_0709	UniRef90_UPI0015D56F68	100	322	0	0	11	332	120	441	4.6e-121	443.4
NC_014760.1_0710	UniRef90_UPI0015D56F68	100	54	0	0	1	54	1	54	1.4e-21	110.5
NC_014760.1_0711	UniRef90_A0A2N8U3D8	100	58	0	0	1	58	1	58	6.5e-23	114.8
NC_014760.1_0712	UniRef90_A0A059Y4L9	98.7	299	4	0	1	299	1	299	1.4e-166	594.3
NC_014760.1_0713	UniRef90_A0A6D1YG57	99.2	122	1	0	1	122	1	122	1.8e-59	237.3
NC_014760.1_0714	UniRef90_A0A2N8U3E3	100	300	0	0	1	300	1	300	1.8e-177	630.6
NC_014760.1_0715	UniRef90_A0A2N8U393	100	173	0	0	1	173	1	173	2.8e-90	340.1
NC_014760.1_0716	UniRef90_A0A2N8U392	100	231	0	0	36	266	1	231	8.3e-127	462.2
NC_014760.1_0717	UniRef90_A0A059Y407	98.3	358	6	0	1	358	1	358	1.8e-182	647.5
NC_014760.1_0718	UniRef90_A0A2N8U3B6	100	338	0	0	1	338	1	338	1.9e-191	677.2
NC_014760.1_0719	UniRef90_A0A059Y9E4	92.5	617	46	0	1	617	2	618	0	1112.4
NC_014760.1_0720	UniRef90_D3VRK5	97	270	8	0	1	270	1	270	7e-136	492.3
NC_014760.1_0721	UniRef90_UPI00107F6126	100	167	0	0	1	167	8	174	5.9e-81	310.1
NC_014760.1_0722	UniRef90_A0A4U0WAJ1	96.3	407	15	0	1	407	1	407	2.9e-218	766.5
NC_014760.1_0723	UniRef90_A0A059Y9B1	95.7	908	39	0	11	918	1	908	0	1725.3
NC_014760.1_0724	UniRef90_D3VRK9	91.6	335	28	0	1	335	1	335	4.6e-169	602.8
NC_014760.1_0725	UniRef90_A5IZA0	98.4	245	4	0	1	245	1	245	1.5e-129	471.1
NC_014760.1_0726	UniRef90_A0A4U0WCH0	94.8	270	14	0	1	270	1	270	3.6e-140	506.5
NC_014760.1_0727	UniRef90_A0A059Y4M9	99	301	3	0	1	301	1	301	1e-164	588.2
NC_014760.1_0728	UniRef90_A0A454AQA9	100	307	0	0	1	307	1	307	3.1e-172	613.2
NC_014760.1_0729	UniRef90_A0A454AP45	100	440	0	0	1	440	1	440	3.2e-247	862.8
NC_014760.1_0730	UniRef90_A0A4U0WAS7	97	299	9	0	1	299	1	299	5e-159	569.3
NC_014760.1_0731	UniRef90_D3VRL6	90.1	335	32	1	1	335	1	334	9.2e-162	578.6
NC_014760.1_0732	UniRef90_A0A454AP48	100	190	0	0	1	190	1	190	6.1e-102	379
NC_014760.1_0733	UniRef90_A0A454AQD2	100	126	0	0	1	126	1	126	4.6e-66	259.2
NC_014760.1_0734	UniRef90_A0A059Y9F4	97.8	93	2	0	1	93	1	93	2.7e-43	183.3
NC_014760.1_0735	UniRef90_A0A454AQF7	99	416	4	0	1	416	1	416	2e-235	823.5
NC_014760.1_0736	UniRef90_A0A059Y9F4	96.3	161	6	0	1	161	112	272	2.7e-82	313.5
NC_014760.1_0737	UniRef90_A0A454ANS5	100	374	0	0	1	374	1	374	1.4e-219	770.8
NC_014760.1_0738	UniRef90_D3VRM0	89.5	421	44	0	1	421	1	421	1.7e-200	707.6
NC_014760.1_0739	UniRef90_A0A2N8U3D6	93.3	45	3	0	1	45	1	45	8.1e-13	80.9
NC_014760.1_0740	UniRef90_A0A6H0F2M4	100	87	0	0	1	87	1	87	6.5e-43	181.8
NC_014760.1_0741	UniRef90_A0A059Y9F7	100	426	0	0	1	426	1	426	4.2e-244	852.4
NC_014760.1_0742	UniRef90_A0A4U0WAD3	90.8	207	19	0	1	207	1	207	3.5e-103	383.3
NC_014760.1_0743	UniRef90_A0A059Y0B3	100	352	0	0	1	352	1	352	6.9e-184	652.1
NC_014760.1_0744	UniRef90_A0A454AQE8	100	305	0	0	1	305	1	305	4e-172	612.8
NC_014760.1_0745	UniRef90_D3VRM6	92.8	222	16	0	1	222	1	222	9.6e-107	395.2
NC_014760.1_0746	UniRef90_A0A4U0WAH8	97.2	217	6	0	1	217	1	217	8.2e-111	408.7
NC_014760.1_0747	UniRef90_A0A059Y508	98.5	205	3	0	1	205	1	205	7e-112	412.1
NC_014760.1_0748	UniRef90_A5IZC0	98.6	71	1	0	1	71	1	71	1.7e-28	133.7
NC_014760.1_0749	UniRef90_D3VRN0	93.1	203	14	0	1	203	1	203	1.4e-104	387.9
NC_014760.1_0750	UniRef90_A0A2N8U3H3	100	557	0	0	1	557	1	557	0	1084.7
NC_014760.1_0751	UniRef90_A0A2N8U3C7	100	169	0	0	1	169	1	169	1.6e-74	288.1
NC_014760.1_0752	UniRef90_A0A059Y511	97.9	241	5	0	1	241	1	241	2.9e-125	456.8
NC_014760.1_0753	UniRef90_A0A059Y0B9	97.7	300	7	0	1	300	1	300	1.2e-155	558.1
NC_014760.1_0754	UniRef90_A0A059Y4P4	99.1	215	2	0	1	215	1	215	6e-114	419.1
NC_014760.1_0755	UniRef90_A0A059Y9C9	98.5	195	3	0	1	195	1	195	2.4e-101	377.1
NC_014760.1_0756	UniRef90_D1CJ45	93.2	88	6	0	9	96	1	88	8e-34	151.8
NC_014760.1_0757	UniRef90_A0A059Y515	99	616	6	0	1	616	32	647	0	1166.8
NC_014760.1_0758	UniRef90_A0A454AQF7	99	416	4	0	1	416	1	416	2.7e-235	823.2
NC_014760.1_0759	UniRef90_A0A2N8U3E0	100	131	0	0	1	131	1	131	6.3e-58	233
NC_014760.1_0760	UniRef90_D3VRP0	91.8	498	41	0	1	498	1	498	2.4e-267	929.9
NC_014760.1_0761	UniRef90_A0A059Y9D2	96	299	12	0	1	299	1	299	9.7e-163	581.6
NC_014760.1_0762	UniRef90_A0A059Y9H2	91.2	250	22	0	1	250	1	250	9.7e-124	451.8
NC_014760.1_0763	UniRef90_A0A059Y518	98.3	177	3	0	1	177	1	177	6.1e-88	332.4
NC_014760.1_0764	UniRef90_A0A4U0WBL3	96	202	8	0	1	202	1	202	1.5e-95	357.8
NC_014760.1_0765	UniRef90_A0A4U0WAQ8	96.3	301	11	0	1	301	1	301	4.9e-154	552.7
NC_014760.1_0766	UniRef90_A0A454AQ75	100	218	0	0	1	218	1	218	4.8e-119	436
NC_014760.1_0767	UniRef90_A5IZD7	94.7	170	9	0	1	170	1	170	4e-81	309.7
NC_014760.1_0768	UniRef90_A0A2N8U3I0	100	601	0	0	1	601	1	601	0	1168.3
NC_014760.1_0769	UniRef90_A0A059Y0D1	97	100	3	0	1	100	1	100	2e-48	200.3
NC_014760.1_0770	UniRef90_A0A059Y4Q5	98.9	544	6	0	1	544	1	544	4.6e-296	1025.4
NC_014760.1_0771	UniRef90_A0A059Y9D8	100	148	0	0	1	148	1	148	2.7e-73	283.5
NC_014760.1_0772	UniRef90_A0A2N8U3I6	100	190	0	0	1	190	1	190	4.6e-102	379.4
NC_014760.1_0773	UniRef90_D3VRQ4	91.9	456	37	0	1	456	1	456	5.5e-234	818.9
NC_014760.1_0774	UniRef90_A0A0F2BPC3	97.5	361	9	0	110	470	1	361	1.3e-198	701.4
NC_014760.1_0775	UniRef90_UPI000A5544E9	99	194	2	0	200	393	2	195	1.6e-104	388.7
NC_014760.1_0776	UniRef90_A0A2N8U3F6	99.4	335	2	0	1	335	1	335	6e-169	602.4
NC_014760.1_0777	UniRef90_A0A454AQS6	100	363	0	0	1	363	1	363	3.3e-181	643.3
NC_014760.1_0778	UniRef90_Q9RPD9	100	254	0	0	1	254	1	254	2.2e-62	248.1
NC_014760.1_0779	UniRef90_Q9RPD7	100	338	0	0	1	338	1	338	1.4e-161	578.2
NC_014760.1_0780	UniRef90_Q9RPE6	100	46	0	0	1	46	1	46	2.1e-15	92
NC_014760.1_0781	UniRef90_A0A454APZ7	100	226	0	0	1	226	1	226	5.7e-20	107.5
NC_014760.1_0782	UniRef90_A0A454AQ92	100	548	0	0	1	548	1	548	1.9e-244	854
NC_014760.1_0783	UniRef90_A0A454AQU3	100	149	0	0	1	149	1	149	3.5e-21	111.7
NC_014760.1_0784	UniRef90_Q9RPE2	100	182	0	0	1	182	1	182	7.3e-28	132.9
NC_014760.1_0785	UniRef90_Q934C3	100	204	0	0	1	204	1	204	9.1e-112	411.8
NC_014760.1_0786	UniRef90_A0A454AQ67	100	286	0	0	1	286	5	290	4.2e-155	556.2
NC_014760.1_0787	UniRef90_Q9RPE0	100	241	0	0	1	241	1	241	1.2e-59	238.8
NC_014760.1_0788	UniRef90_A0A2N8U3B6	99.4	338	2	0	1	338	1	338	4.7e-190	672.5
NC_014760.1_0789	UniRef90_UPI000A542786	100	74	0	0	1	74	63	136	3.4e-32	146
NC_014760.1_0790	UniRef90_A0A454APB6	100	287	0	0	1	287	1	287	2e-146	527.7
NC_014760.1_0791	UniRef90_Q9RPD5	100	182	0	0	1	182	1	182	2e-23	118.6
NC_014760.1_0792	UniRef90_Q9RPE1	100	202	0	0	1	202	1	202	4.9e-17	97.1
NC_014760.1_0793	UniRef90_Q9RPE5	100	130	0	0	1	130	1	130	1.5e-30	141.4
NC_014760.1_0794	UniRef90_Q8RMD6	100	249	0	0	1	249	1	249	2.7e-134	486.9
NC_014760.1_0795	UniRef90_A0A2N8U3M6	99.8	614	1	0	1	614	1	614	0	1206.8
NC_014760.1_0796	UniRef90_A0A059Y528	99.7	383	1	0	1	383	1	383	5.3e-214	752.3
NC_014760.1_0797	UniRef90_A0A059Y0E2	99	803	8	0	1	803	1	803	0	1594.3
NC_014760.1_0798	UniRef90_A0A6F8K297	100	85	0	0	64	148	18	102	4.4e-39	169.9
NC_014760.1_0799	UniRef90_A0A059Y9E3	98.1	473	9	0	1	473	1	473	5.5e-261	908.7
NC_014760.1_0800	UniRef90_A0A059Y9J1	98.2	437	8	0	1	437	1	437	2.4e-239	836.6
NC_014760.1_0801	UniRef90_A0A2N8U3N0	100	101	0	0	1	101	1	101	1.3e-47	197.6
NC_014760.1_0802	UniRef90_A0A454APD7	99.6	284	1	0	1	284	1	284	2.4e-163	583.6
NC_014760.1_0803	UniRef90_A5IZG1	96.9	192	6	0	1	192	1	192	2.4e-98	367.1
NC_014760.1_0804	UniRef90_D3VRT6	95.7	253	11	0	1	253	1	253	2.1e-126	460.7
NC_014760.1_0805	UniRef90_A0A4U0W984	95.1	246	12	0	1	246	1	246	6.2e-131	475.7
NC_014760.1_0806	UniRef90_A0A2N8U3J4	100	104	0	0	1	104	1	104	5.9e-51	208.8
NC_014760.1_0807	UniRef90_A5IZG5	97.9	436	9	0	1	436	1	436	2.8e-243	849.7
NC_014760.1_0808	UniRef90_A5IZG6	94.6	221	12	0	1	221	1	221	3.7e-111	409.8
NC_014760.1_0809	UniRef90_A0A454AQG0	100	195	0	0	1	195	11	205	8.7e-104	385.2
NC_014760.1_0810	UniRef90_A0A454AQ95	100	377	0	0	1	377	1	377	4e-206	726.1
NC_014760.1_0811	UniRef90_A5IZH0	90.3	113	11	0	1	113	1	113	3.5e-49	203
NC_014760.1_0812	UniRef90_UPI001151F5AE	98.8	347	4	0	1	347	1	347	2.3e-194	687.6
NC_014760.1_0813	UniRef90_A0A4U0W9P6	89.8	411	42	0	1	411	1	411	1.5e-206	727.6
NC_014760.1_0814	UniRef90_A0A4U0W976	92	200	16	0	1	200	1	200	2.7e-100	373.6
NC_014760.1_0815	UniRef90_D3VRU8	91.3	300	26	0	1	300	1	300	5.5e-158	565.8
NC_014760.1_0816	UniRef90_A5IZH4	96.1	77	3	0	1	77	1	77	5.1e-31	142.1
NC_014760.1_0817	UniRef90_A0A454AQ34	100	240	0	0	1	240	1	240	5.4e-132	479.2
NC_014760.1_0818	UniRef90_A5IZH6	95.5	358	16	0	1	358	1	358	4.1e-184	652.9
NC_014760.1_0819	UniRef90_A0A2N8U3L8	96.3	190	7	0	1	190	1	190	1.4e-101	377.9
NC_014760.1_0820	UniRef90_D3VRV2	94.1	473	28	0	1	473	1	473	2.3e-243	850.1
NC_014760.1_0821	UniRef90_A5IZH8	95.9	655	27	0	1	655	1	655	0	1256.1
NC_014760.1_0822	UniRef90_D3VRV4	93.3	104	7	0	1	104	1	104	1.7e-50	207.2
NC_014760.1_0823	UniRef90_A0A454AQT7	100	148	0	0	1	148	1	148	7.9e-73	282
NC_014760.1_0824	UniRef90_UPI0010ADB4BC	96	198	8	0	10	207	1	198	3e-94	354.4
NC_014760.1_0825	UniRef90_UPI0002FFF5DD	100	332	0	0	1	332	1	332	1.3e-123	451.8
NC_014760.1_0826	UniRef90_A0A6H0F695	100	68	0	0	1	68	1	68	9.3e-29	134.4
NC_014760.1_0827	UniRef90_A0A2N8U3Q5	100	340	0	0	1	340	1	340	1.7e-192	680.6
NC_014760.1_0828	UniRef90_A0A2N8U3N3	100	131	0	0	1	131	1	131	1.6e-61	244.2
NC_014760.1_0829	UniRef90_A0A059Y983	98.3	414	7	0	1	414	1	414	1.5e-217	764.2
NC_014760.1_0830	UniRef90_A0A454APZ5	100	902	0	0	1	902	1	902	0	1697.9
NC_014760.1_0831	UniRef90_A0A059Y9G9	97.8	362	8	0	1	362	1	362	2e-186	660.6
NC_014760.1_0832	UniRef90_A0A454AQC5	100	2708	0	0	1	2708	1	2708	0	5220.2
NC_014760.1_0833	UniRef90_D3VRW1	91.9	676	54	1	1	676	1	675	0	1207.6
NC_014760.1_0834	UniRef90_A0A059Y0H8	97.2	286	8	0	1	286	1	286	1.6e-154	554.3
NC_014760.1_0835	UniRef90_A0A059Y4T8	99.5	188	1	0	1	188	1	188	4e-98	366.3
NC_014760.1_0836	UniRef90_A0A2N8U3N9	100	756	0	0	1	756	1	756	0	1476.1
