seqname	trim_orf_index_start	trim_orf_index_end	trim_bp_start	trim_bp_end	trim_pr	trim_pr_max	prox_orf_index_start	prox_orf_index_end	prox_bp_start	prox_bp_end	prox_pr	prox_pr_max	partial	full_orf_index_start	full_orf_index_end	full_bp_start	full_bp_end	pr_full	hallmark_cnt	group
ff6464c8-a23b-4b4d-ab49-bf24ada74e02	1	2	943	2269	0.953	0.953	1	2	943	2269	NA	NA	0	1	2	943	2269	1.000	0	ssDNA
ff60551d-1d36-41a6-aaf9-fb6b27968973	2	4	415	2967	0.913	0.913	1	6	164	3519	NA	NA	0	1	6	164	3519	0.627	0	lavidaviridae
fed6e84a-b789-4760-bbdc-6c791137394c	1	7	1662	11663	1.000	1.000	1	7	1662	11663	NA	NA	0	1	7	1662	11663	0.987	2	dsDNAphage
fe976dc3-521f-4af3-9964-d277030ebe0d	3	5	6448	8752	0.755	0.780	1	5	4303	8752	NA	NA	0	1	5	4303	8752	0.510	0	RNA
fdae6de3-de23-45e1-9841-49d4d1534343	1	2	2624	3662	0.920	0.920	1	2	2624	3662	NA	NA	0	1	2	2624	3662	0.773	0	ssDNA
fbf174f9-fe67-4a30-9b9a-356f3996a3ce	1	4	2	2573	0.973	0.980	1	5	2	2700	NA	NA	0	1	5	2	2700	0.973	0	lavidaviridae
fb616bda-fe72-432b-bc3e-4c7eae6a5faf	1	5	1799	4312	0.887	0.913	1	7	1799	6244	NA	NA	0	1	7	1799	6244	0.640	0	dsDNAphage
fabf264f-0829-49b9-b691-6898c10b007b	5	7	951	2587	0.933	0.933	1	7	3	2587	NA	NA	0	1	7	3	2587	0.593	0	ssDNA
fa8f41b7-570c-43fc-b627-f5c4195af71c	2	6	711	3357	0.960	1.000	1	7	3	7770	NA	NA	0	1	7	3	7770	0.633	0	ssDNA
fa36ffe8-8453-4ec4-b918-dade79fcd377	2	4	606	1934	0.607	0.607	1	4	1	1934	NA	NA	0	1	4	1	1934	0.593	0	lavidaviridae
f9cf9fc2-a3da-42e5-9b94-4ec6639c1785	1	2	370	1157	0.667	0.667	1	2	370	1157	NA	NA	0	1	2	370	1157	0.607	0	NCLDV
f9334d5b-5726-4534-a83b-3f2cf138a40d	2	4	459	2099	0.940	0.940	1	6	2	3308	NA	NA	0	1	6	2	3308	0.753	0	ssDNA
f8f819ce-e3af-45c4-b55f-8010999f516b	2	4	2592	4166	1.000	1.000	1	4	930	4166	NA	NA	0	1	4	930	4166	0.800	0	ssDNA
f8693e01-270f-4bc4-b284-5bf3c3f3f729	1	3	157	2081	0.973	0.993	1	7	157	3921	NA	NA	0	1	7	157	3921	0.720	0	lavidaviridae
f7eb1486-bdda-4fbd-8b17-ff5fc6bb8b01	1	4	127	2775	0.987	0.987	1	4	127	2775	NA	NA	0	1	4	127	2775	0.987	2	dsDNAphage
f76ade7c-183d-4e62-9cc3-45182e193ef7	2	13	1120	8945	0.940	0.987	1	13	1	8945	NA	NA	0	1	13	1	8945	0.913	5	dsDNAphage
f74f26f8-c549-4e31-b44b-0aa4dd7f7ebf	1	3	98	1489	1.000	1.000	1	3	98	1489	NA	NA	0	1	3	98	1489	1.000	1	dsDNAphage
f7470301-548a-413b-ac7f-a29a89465104	1	3	88	2409	0.960	0.993	1	4	88	3376	NA	NA	0	1	4	88	3376	0.987	0	ssDNA
f745e721-dd23-477e-b6a7-8970b76779d5	3	7	3542	5841	0.840	0.840	1	8	1447	6125	NA	NA	0	1	8	1447	6125	0.513	0	dsDNAphage
f59073fd-c270-404b-9208-74c1ca293397	2	6	575	2119	0.967	0.980	1	10	66	4278	NA	NA	0	1	10	66	4278	0.733	0	ssDNA
f40cfd6a-b5c7-410d-94da-5cd87e342747	1	5	776	2642	0.993	0.993	1	5	776	2642	NA	NA	0	1	5	776	2642	0.987	0	dsDNAphage
f2e4883c-6cc0-4753-821f-2647f59806bf	1	6	2	2204	0.870	0.915	1	7	2	3746	NA	NA	0	1	7	2	3746	0.795	0	RNA
f2d4185c-62a3-423f-8c85-580f3bb7634b	1	4	3	1158	0.947	0.947	1	4	3	1158	NA	NA	0	1	4	3	1158	0.700	0	dsDNAphage
f2bf45d0-dc90-4ef3-b3f0-22562f88416c	1	13	1029	8852	0.980	0.993	1	13	1029	8852	NA	NA	0	1	13	1029	8852	0.987	3	dsDNAphage
f27a23f6-fc60-4b6e-8343-7a596f9105f8	3	5	1087	2311	1.000	1.000	1	9	295	4756	NA	NA	0	1	9	295	4756	0.640	0	ssDNA
eff4f45f-81fa-466a-a22b-eca1353fc1e1	1	8	197	6746	0.980	1.000	1	8	197	6746	NA	NA	0	1	8	197	6746	0.980	1	dsDNAphage
efa60f18-ff3d-4d78-a42a-7cf87df1ab04	3	5	1582	2981	0.973	0.993	1	6	820	4071	NA	NA	0	1	6	820	4071	0.547	0	ssDNA
ef7bed65-24e3-4d92-87ab-3d9331287c03	1	15	39	10985	1.000	1.000	1	15	39	10985	NA	NA	0	1	15	39	10985	1.000	6	dsDNAphage
ef6e1e87-c288-4f60-b21d-356ba0e9bac4	3	6	1006	4625	0.833	0.853	1	7	200	5353	NA	NA	0	1	7	200	5353	0.607	0	dsDNAphage
ef1f00db-cb63-442e-a153-24c4224569d4	1	7	77	2801	0.933	0.933	1	7	77	2801	NA	NA	0	1	7	77	2801	0.853	0	dsDNAphage
eebaed73-d959-49de-914f-023a0d9a7ec9	1	4	1570	5250	0.920	0.933	1	5	1570	6285	NA	NA	0	1	5	1570	6285	0.840	0	NCLDV
ed31e1e3-e561-4afe-b5cd-9180b9d76752	1	3	688	1535	0.987	0.987	1	4	688	2269	NA	NA	0	1	4	688	2269	0.993	0	ssDNA
ece012a6-1920-47b6-8004-915ae5041ff2	3	4	3619	5503	0.930	0.930	1	5	2022	5805	NA	NA	0	1	5	2022	5805	0.580	0	RNA
ec04b4de-f948-4d02-8e47-ca790ad2d5a3	1	2	250	993	0.787	0.787	1	2	250	993	NA	NA	0	1	2	250	993	0.800	0	NCLDV
eb16b254-f7a9-4de3-8d27-9b864b63c299	1	2	366	1059	0.590	0.590	1	2	366	1059	NA	NA	0	1	2	366	1059	0.675	0	RNA
ea0d2b0f-ea31-40ac-a10a-0f606f71b1e1	1	4	338	2549	0.967	0.967	1	6	338	5123	NA	NA	0	1	6	338	5123	0.720	0	ssDNA
e8df5a08-a811-4f36-9abb-116bfb1f09c6	1	2	1	857	0.733	0.733	1	2	1	857	NA	NA	0	1	2	1	857	0.547	0	lavidaviridae
e8b499e3-fea8-403b-ad0d-19476aa9fdf7	1	3	129	1188	0.993	0.993	1	3	129	1188	NA	NA	0	1	3	129	1188	0.980	0	NCLDV
e887098a-c407-4c7a-a29d-a6d7beb8173b	2	3	158	1135	0.933	0.933	1	4	3	1916	NA	NA	0	1	4	3	1916	0.867	0	ssDNA
e726d561-d63e-41ee-8363-8fcdea6d3bdb	1	5	2	3575	0.993	0.993	1	5	2	3575	NA	NA	0	1	5	2	3575	0.987	2	dsDNAphage
e50c1201-17e2-48be-844f-14efc9121578	1	8	2	2746	1.000	1.000	1	8	2	2746	NA	NA	0	1	8	2	2746	0.993	1	dsDNAphage
e3b9801b-6d1c-41c4-94ef-4b3fa6c94180	1	2	559	1644	0.650	0.650	1	2	559	1644	NA	NA	0	1	2	559	1644	0.750	0	RNA
e39df49c-93d9-4189-90f0-68d2b25ff572	1	2	40	2016	0.967	0.967	1	2	40	2016	NA	NA	0	1	2	40	2016	0.980	0	ssDNA
e39c2a44-ff19-40b5-8bb6-bcf517eb2e39	2	4	259	2658	0.827	0.827	1	4	65	2658	NA	NA	0	1	4	65	2658	0.847	0	ssDNA
e3638658-7f02-4143-8517-45488869b0a5	1	5	440	3609	0.920	0.947	1	6	440	4141	NA	NA	0	1	6	440	4141	0.893	0	lavidaviridae
e3222e68-072c-4191-83c1-4f34aba96269	1	2	1064	1407	0.840	0.840	1	2	1064	1407	NA	NA	0	1	2	1064	1407	0.827	0	NCLDV
e2dfe6fe-cee3-482b-a7c4-0861b9c70733	1	4	1273	3003	0.887	0.927	1	4	1273	3003	NA	NA	0	1	4	1273	3003	0.747	0	ssDNA
e11a1972-73e1-4e8d-89d3-2a9b48d61d11	1	3	56	1629	1.000	1.000	1	4	56	1829	NA	NA	0	1	4	56	1829	1.000	0	ssDNA
e0fa5eb4-d5f0-4352-a0a3-73357df49388	1	3	2	1802	0.953	0.953	1	3	2	1802	NA	NA	0	1	3	2	1802	1.000	0	ssDNA
de9764ac-61bf-432d-b751-a13ae8b194a0	1	2	1862	3125	0.615	0.615	1	2	1862	3125	NA	NA	0	1	2	1862	3125	0.635	0	RNA
de55b49b-6ec9-4a62-af38-35a6a65197dc	1	2	91	1144	0.760	0.760	1	2	91	1144	NA	NA	0	1	2	91	1144	0.673	0	ssDNA
dd3610cf-58ba-4703-86db-0cdf5bb7e629	1	2	654	1365	0.610	0.610	1	2	654	1365	NA	NA	0	1	2	654	1365	0.735	0	RNA
dc80e8e9-12b0-4e71-b875-53c92da3d3b2	4	9	1577	4421	0.973	1.000	1	9	1	4421	NA	NA	0	1	9	1	4421	0.640	0	ssDNA
dbfab1cf-fcd8-4b95-af5b-032c4bfdcc8d	4	9	1557	6148	0.887	0.887	1	9	3	6148	NA	NA	0	1	9	3	6148	0.667	0	lavidaviridae
dbe5b642-6166-4a0b-bbc8-899a78547bd3	1	2	476	1058	0.927	0.927	1	2	476	1058	NA	NA	0	1	2	476	1058	0.820	0	dsDNAphage
dbba096a-dbc4-43e0-a2af-26a9a457bfec	1	4	3	1586	0.993	0.993	1	5	3	2445	NA	NA	0	1	5	3	2445	0.993	0	ssDNA
db174efb-05c8-4285-bc84-dda0b54e21e8	1	5	487	2802	0.953	1.000	1	5	487	2802	NA	NA	0	1	5	487	2802	0.913	0	ssDNA
db174e96-1aec-4df2-bfb1-8f9a34823cac	1	2	438	1063	0.700	0.700	1	2	438	1063	NA	NA	0	1	2	438	1063	0.670	0	RNA
dac65078-5d05-4392-99e9-af59282ad3ba	5	7	937	2637	0.980	0.980	1	7	1	2637	NA	NA	0	1	7	1	2637	0.720	0	lavidaviridae
da7e7b72-1271-4be9-a254-440c0731307c	4	6	8192	10523	0.960	1.000	1	8	1513	11981	NA	NA	0	1	8	1513	11981	0.553	0	ssDNA
da551121-036b-494b-a0a1-97ab606abb18	1	2	925	2330	0.660	0.660	1	2	925	2330	NA	NA	0	1	2	925	2330	0.507	0	ssDNA
d9e19061-d2e0-47b4-bb08-8fed30a2f81a	1	5	1	8707	0.920	0.933	1	5	1	8707	NA	NA	0	1	5	1	8707	0.907	1	dsDNAphage
d8e26bf6-c251-40f7-bc37-9b89a2008c45	1	13	59	5963	0.993	0.993	1	13	59	5963	NA	NA	0	1	13	59	5963	0.993	8	dsDNAphage
d782d139-b2b7-4b5b-aeb1-a6f05e9d37a0	1	2	87	947	0.987	0.987	1	3	87	1283	NA	NA	0	1	3	87	1283	0.973	0	ssDNA
d723ed83-7903-4deb-8a83-87deeb3ae0d0	5	7	4270	5862	0.993	0.993	1	8	2	7897	NA	NA	0	1	8	2	7897	0.567	0	ssDNA
d711190a-283b-4ff0-be93-1f7ff26da277	2	8	237	3615	0.980	0.987	1	8	2	3615	NA	NA	0	1	8	2	3615	0.927	2	dsDNAphage
d6cf75ff-2789-4f70-bf4f-8364487a1f0b	2	3	218	939	0.993	0.993	1	4	3	1400	NA	NA	0	1	4	3	1400	0.960	0	ssDNA
d59b25fe-fd1d-4e20-9ab0-8e7ba6a50493	4	9	1875	5091	0.980	0.993	1	10	231	5676	NA	NA	0	1	10	231	5676	0.760	0	ssDNA
d57d60a7-99ac-4c9e-bd32-4410b0e122e5	1	5	241	2403	1.000	1.000	1	5	241	2403	NA	NA	0	1	5	241	2403	0.967	0	ssDNA
d507e2f3-7304-40eb-9e67-7db93d1d72a9	1	4	567	2180	0.993	1.000	1	4	567	2180	NA	NA	0	1	4	567	2180	0.967	0	dsDNAphage
d444552b-c1b8-4c80-b920-ec891ef2903d	1	2	715	1592	0.620	0.620	1	2	715	1592	NA	NA	0	1	2	715	1592	0.540	0	RNA
d3ad1fdf-3ba8-460c-a7a4-e5a4872bf429	1	4	83	1615	0.940	0.967	1	4	83	1615	NA	NA	0	1	4	83	1615	0.893	0	ssDNA
d1f41e09-b535-46ce-9fb1-4c373e24ecb7	1	5	884	2735	0.967	0.967	1	9	884	4321	NA	NA	0	1	9	884	4321	0.580	0	ssDNA
d19b274d-5fa0-46f5-8153-0a2ae2af390b	1	4	270	3013	0.980	1.000	1	8	270	5688	NA	NA	0	1	8	270	5688	0.547	0	ssDNA
cec8ba04-aa6f-4730-9932-eaaf85be7e8f	1	2	1029	2115	0.953	0.953	1	4	1029	2542	NA	NA	0	1	4	1029	2542	0.740	0	lavidaviridae
cdab7cef-17db-4aad-b6b1-15c39772518a	1	2	316	715	0.735	0.735	1	2	316	715	NA	NA	0	1	2	316	715	0.855	0	RNA
cd556fa4-e4c3-4f73-88c3-259a8ca24fb1	1	2	1490	5806	0.547	0.547	1	2	1490	5806	NA	NA	0	1	2	1490	5806	0.500	0	NCLDV
ccd5bacc-c615-4be3-84da-0867960cabda	1	4	19	2474	0.680	0.680	1	5	19	2589	NA	NA	0	1	5	19	2589	0.650	0	RNA
ccc2fe21-20e1-4af7-8337-dba182151139	1	3	503	2926	0.847	0.873	1	4	503	3984	NA	NA	0	1	4	503	3984	0.633	0	ssDNA
cb7ec490-6d2d-46bd-b10c-6be334e318da	1	8	753	4148	0.980	0.993	1	8	753	4148	NA	NA	0	1	8	753	4148	0.947	0	dsDNAphage
cadc4a74-bcae-42b4-a205-4bac9c509f3c	1	7	1052	3808	0.987	0.987	1	7	1052	3808	NA	NA	0	1	7	1052	3808	0.993	1	dsDNAphage
ca3b4ee5-97c7-4ddb-b12c-b89ef1a1c4ec	1	3	1036	1866	0.980	0.987	1	4	1036	2152	NA	NA	0	1	4	1036	2152	0.993	0	ssDNA
ca1bce99-f595-43f2-90c1-f84ecfcffcb8	1	3	1810	2878	0.935	0.960	1	4	1810	3195	NA	NA	0	1	4	1810	3195	0.780	0	RNA
c905c8b4-fa8e-4a94-8d7d-af37ede2b59f	1	2	1010	1365	0.867	0.867	1	2	1010	1365	NA	NA	0	1	2	1010	1365	0.767	0	dsDNAphage
c7928f41-7974-4df6-a617-203389bf8efd	1	3	430	1543	0.973	0.973	1	3	430	1543	NA	NA	0	1	3	430	1543	0.920	0	ssDNA
c647e816-2dfb-4854-8aff-f76bdcc6bac3	2	4	977	3143	0.993	0.993	1	4	117	3143	NA	NA	0	1	4	117	3143	0.787	0	ssDNA
c5ec181f-6c89-4f2f-aeb7-8bd6937526fa	1	4	349	1636	0.947	0.980	1	4	349	1636	NA	NA	0	1	4	349	1636	0.940	0	ssDNA
c5705165-d0f6-4fdd-8df0-89afc454323e	1	2	43	1200	0.700	0.700	1	2	43	1200	NA	NA	0	1	2	43	1200	0.800	0	ssDNA
c42e2e8c-9056-4c75-881a-93b701d2b24b	1	9	3	3875	0.967	0.980	1	9	3	3875	NA	NA	0	1	9	3	3875	0.967	0	dsDNAphage
c4043526-d7dd-430e-9ef2-7c5e92135518	1	2	3	1868	0.485	0.485	1	2	3	1868	NA	NA	0	1	2	3	1868	0.715	0	RNA
c3d8255b-9ed0-452a-9fb1-7982f8c8bc3e	1	3	52	1044	0.987	0.993	1	3	52	1044	NA	NA	0	1	3	52	1044	0.993	1	dsDNAphage
c3d6c313-a7c7-4716-9e6d-d073dd0aff2f	1	2	2	857	0.773	0.787	1	3	2	1778	NA	NA	0	1	3	2	1778	0.580	0	ssDNA
c2ef53f8-7bc0-4b77-ad9e-2143371f4623	1	2	10	529	0.953	0.953	1	2	10	529	NA	NA	0	1	2	10	529	0.973	0	lavidaviridae
c2ea0fcd-0f22-4389-af0f-0e5258ea6482	1	2	1	1372	0.940	0.940	1	3	1	1542	NA	NA	0	1	3	1	1542	0.987	0	ssDNA
c2e58483-e867-48d5-b5af-90afc53196bd	1	8	2	7193	0.993	1.000	1	8	2	7193	NA	NA	0	1	8	2	7193	0.993	5	dsDNAphage
c2c77632-b636-47c6-9f07-5f9bd1f2e205	2	3	2864	3745	0.960	0.960	1	6	156	5975	NA	NA	0	1	6	156	5975	0.780	0	NCLDV
c03d7265-47c4-44b2-a58a-7463eb1b7495	1	3	469	1813	0.987	0.993	1	3	469	1813	NA	NA	0	1	3	469	1813	1.000	3	dsDNAphage
c00ebd37-aa3f-42f0-950e-5953327cc9eb	1	2	1	895	1.000	1.000	1	2	1	895	NA	NA	0	1	2	1	895	1.000	0	ssDNA
bf8cb844-d5ed-4c02-ba41-6fb51aa8f53c	2	3	234	1818	0.880	0.880	1	7	2	3799	NA	NA	0	1	7	2	3799	0.587	0	NCLDV
bf671b5d-f790-49eb-acbb-17d9e8b56030	1	3	724	2305	0.993	0.993	1	3	724	2305	NA	NA	0	1	3	724	2305	0.900	0	ssDNA
bf2d2916-ca83-4969-b999-729520582fc2	2	3	1130	1827	0.680	0.680	1	3	3	1827	NA	NA	0	1	3	3	1827	0.700	0	lavidaviridae
bee28fc1-641e-4d33-97c1-8bdd5e72a1fc	2	3	405	1022	0.953	0.953	1	3	2	1022	NA	NA	0	1	3	2	1022	0.833	0	ssDNA
bec44595-184d-420e-8485-764d197fe40a	1	2	536	1277	0.993	0.993	1	2	536	1277	NA	NA	0	1	2	536	1277	0.993	0	ssDNA
be6d9f3a-ccb5-4a75-8f48-41256802dd7f	2	3	2383	3732	0.710	0.710	1	3	1670	3732	NA	NA	0	1	3	1670	3732	0.555	0	RNA
bd83d374-cdd9-4938-b54f-52263e521a6d	1	6	2	2414	0.987	1.000	1	6	2	2414	NA	NA	0	1	6	2	2414	0.993	3	dsDNAphage
bd2c4b24-fb85-40cf-b3f6-30d6fb49427d	2	7	512	2929	0.960	1.000	1	7	175	2929	NA	NA	0	1	7	175	2929	0.833	0	ssDNA
bd2c0acd-ebf6-471c-804f-cd63ce569097	1	6	98	3517	0.947	0.947	1	8	98	6274	NA	NA	0	1	8	98	6274	0.813	0	NCLDV
bd0ccd33-a829-48c1-be7d-269ea2a1d2cd	2	4	241	1329	0.830	0.870	1	8	2	2751	NA	NA	0	1	8	2	2751	0.720	0	RNA
bce017a4-7556-4c8c-8400-ae6051c85563	2	5	2817	4116	0.987	0.987	1	5	58	4116	NA	NA	0	1	5	58	4116	0.687	0	ssDNA
bc316c34-cfeb-41a7-8e8b-3c8f7e504089	1	9	1674	5069	0.827	0.827	1	9	1674	5069	NA	NA	0	1	9	1674	5069	0.640	0	dsDNAphage
bb88834f-2768-4a3d-901b-729a369754d6	1	3	2	900	0.967	0.980	1	3	2	900	NA	NA	0	1	3	2	900	0.987	0	ssDNA
bb55a3ca-08b0-4523-8be7-438a2851a05e	1	6	1094	5956	0.993	1.000	1	6	1094	5956	NA	NA	0	1	6	1094	5956	0.993	1	dsDNAphage
b8c12389-f60a-4e20-8c3e-d6b392026a25	1	3	908	1621	0.987	0.987	1	3	908	1621	NA	NA	0	1	3	908	1621	0.993	0	ssDNA
b85c60c8-89e3-44ac-af02-87832c0ec832	3	5	2210	3853	0.820	0.820	1	6	1	4575	NA	NA	0	1	6	1	4575	0.667	0	lavidaviridae
b7640ba5-d7c1-4662-a9d6-9503b2f16a9e	1	12	187	6476	0.893	0.927	1	12	187	6476	NA	NA	0	1	12	187	6476	0.893	0	dsDNAphage
b5e25e29-cab4-472d-a36e-c151127862f3	2	3	1030	1522	0.767	0.767	1	3	1	1522	NA	NA	0	1	3	1	1522	0.600	0	ssDNA
b4b1a105-66bd-483c-bcff-379f3b4d520e	1	18	2	9267	1.000	1.000	1	18	2	9267	NA	NA	0	1	18	2	9267	1.000	4	dsDNAphage
b493157c-b93d-4543-8a28-294d79949819	1	2	610	887	0.960	0.960	1	3	610	1672	NA	NA	0	1	3	610	1672	0.867	0	lavidaviridae
b452a244-23c1-449d-9408-cde73dfb8bee	4	6	1308	5373	0.887	0.887	1	6	1	5373	NA	NA	0	1	6	1	5373	0.827	0	lavidaviridae
b3b5e8dd-7e0f-4fed-9169-e4c65800dff2	1	2	3	796	0.947	0.947	1	2	3	796	NA	NA	0	1	2	3	796	0.987	0	ssDNA
b267f79c-d535-4382-82df-ed1aad3a2ac9	3	5	5607	6863	1.000	1.000	1	5	555	6863	NA	NA	0	1	5	555	6863	0.553	0	ssDNA
b1b38b6f-1059-443d-96df-db8682e4d5fc	1	2	1616	3141	0.760	0.760	1	3	1616	3394	NA	NA	0	1	3	1616	3394	0.653	0	lavidaviridae
b10fd2eb-76a0-47ff-a21c-a600af760435	1	3	196	1878	0.947	0.947	1	7	196	4245	NA	NA	0	1	7	196	4245	0.627	0	ssDNA
b07f8e78-36c6-48b8-b427-f0e3916c3d66	2	4	605	2441	0.993	1.000	1	5	3	3198	NA	NA	0	1	5	3	3198	0.907	0	ssDNA
afcf6445-d12e-45a8-84a2-71d15a9ccbaf	1	6	279	3505	0.980	1.000	1	9	279	4581	NA	NA	0	1	9	279	4581	0.860	0	ssDNA
ae59aeb3-01ef-4965-8562-a4aca0f1c192	4	7	2830	4517	0.960	0.993	1	8	2	4602	NA	NA	0	1	8	2	4602	0.647	0	ssDNA
ae1bc89d-5e8e-4ecc-b3ff-686cf2a34902	1	12	423	14028	0.967	0.967	1	14	423	16192	NA	NA	0	1	14	423	16192	0.887	2	dsDNAphage
abce213e-6a96-4bf0-acac-fafca9e951da	2	3	450	1710	0.780	0.780	1	4	188	2204	NA	NA	0	1	4	188	2204	0.540	0	ssDNA
ab2beced-260d-440e-abe4-953003e65085	1	2	22	874	0.960	0.960	1	3	22	1671	NA	NA	0	1	3	22	1671	0.973	0	lavidaviridae
ab28babe-a615-4309-8f0b-7a3e532cefd8	1	3	1582	2625	0.967	0.967	1	3	1582	2625	NA	NA	0	1	3	1582	2625	0.940	1	dsDNAphage
aa961f4e-65ce-41e6-813a-33e3da361595	2	3	2219	2982	0.947	0.947	1	3	628	2982	NA	NA	0	1	3	628	2982	0.773	0	ssDNA
a9bd0a72-323a-4169-bcde-34eee685000e	1	3	263	2572	0.700	0.700	1	4	263	3391	NA	NA	0	1	4	263	3391	0.673	0	lavidaviridae
a94f410e-71e5-4c5b-88a7-cf85370f1c22	1	3	1	1135	0.853	0.853	1	4	1	1266	NA	NA	0	1	4	1	1266	0.927	0	ssDNA
a7716c7c-bbca-443e-94e8-fb9bfa5bb1b4	1	4	995	1932	0.967	0.987	1	4	995	1932	NA	NA	0	1	4	995	1932	1.000	2	dsDNAphage
a51a59fb-32b4-444c-9d1b-bc37be1a4ed4	2	4	3173	5223	1.000	1.000	1	4	1	5223	NA	NA	0	1	4	1	5223	0.913	0	ssDNA
a5028d02-7c23-4f82-96dc-eaea8caae095	1	3	2656	3508	0.680	0.680	1	3	2656	3508	NA	NA	0	1	3	2656	3508	0.710	0	RNA
a4fd541c-d596-431c-8b3a-836e2ef452e2	1	3	972	2209	0.973	1.000	1	3	972	2209	NA	NA	0	1	3	972	2209	0.967	0	ssDNA
a4edb4d5-8ad1-4916-b600-1cff08cbc2a3	2	3	1273	2288	0.933	0.933	1	4	1	2771	NA	NA	0	1	4	1	2771	0.747	0	ssDNA
a4b03caf-8ce4-4b84-a36d-3c93ab319a7a	2	3	1488	2176	0.993	0.993	1	3	3	2176	NA	NA	0	1	3	3	2176	0.913	0	dsDNAphage
a42c4638-3f7c-4abd-8e27-1dd2d72b4e13	1	2	464	1440	0.960	0.960	1	2	464	1440	NA	NA	0	1	2	464	1440	0.987	0	ssDNA
a3808854-5375-4607-9016-4ef07cfb46e1	5	9	8952	13745	0.940	0.953	1	12	2	20089	NA	NA	0	1	12	2	20089	0.713	0	lavidaviridae
a359ef34-7ac1-44e1-962b-d50066c9a374	1	4	2531	5087	1.000	1.000	1	4	2531	5087	NA	NA	0	1	4	2531	5087	0.667	0	ssDNA
a2a4f7dc-89ed-4d03-8ef3-a301efb45803	1	6	835	2382	0.775	0.800	1	6	835	2382	NA	NA	0	1	6	835	2382	0.815	0	RNA
a1bbf796-b846-4212-9ac2-a6f45e39a807	1	3	252	2776	0.753	0.753	1	4	252	3251	NA	NA	0	1	4	252	3251	0.707	0	lavidaviridae
a0875db8-8bd5-49ac-864e-3c69f5142a66	2	3	417	897	0.973	0.973	1	3	2	897	NA	NA	0	1	3	2	897	0.907	0	dsDNAphage
a0488884-5fb3-4254-9509-bde3b89bff23	1	4	153	1446	0.953	0.953	1	4	153	1446	NA	NA	0	1	4	153	1446	0.967	0	lavidaviridae
a03bcefc-7b61-44a5-81f2-aa6107aafdc3	1	2	113	1822	0.675	0.675	1	2	113	1822	NA	NA	0	1	2	113	1822	0.650	0	RNA
a00b7df8-4ed3-4b01-9ef8-b6749d36a186	1	3	1	1053	0.960	0.960	1	3	1	1053	NA	NA	0	1	3	1	1053	0.973	0	ssDNA
9f463268-7803-4e8b-ae65-5bdc5d7b4419	1	2	3	1687	0.947	0.947	1	3	3	2607	NA	NA	0	1	3	3	2607	0.853	0	lavidaviridae
9f1735c8-0f36-430d-ad6b-4a33c3d2dfe0	3	4	1761	2921	1.000	1.000	1	8	657	3786	NA	NA	0	1	8	657	3786	0.767	0	ssDNA
9e0ad1b3-56c8-4e5c-b7b5-410dce5c66a0	3	7	4316	6308	0.967	0.967	1	7	2858	6308	NA	NA	0	1	7	2858	6308	0.747	0	dsDNAphage
9cffef46-7d31-4acd-8d41-d36852a209c8	1	6	2	2892	0.947	0.980	1	6	2	2892	NA	NA	0	1	6	2	2892	0.967	0	ssDNA
9c4c19ed-780e-459e-9799-552a37cd8489	1	2	814	1329	0.867	0.867	1	2	814	1329	NA	NA	0	1	2	814	1329	0.993	0	ssDNA
9c400a3e-c005-48c3-9145-8748af8aa4b1	3	5	1985	3567	0.973	0.993	1	8	355	5200	NA	NA	0	1	8	355	5200	0.747	0	ssDNA
9bfd7153-83ea-4f56-bbb8-b75bfd0753f5	1	4	75	1844	0.920	0.933	1	4	75	1844	NA	NA	0	1	4	75	1844	0.940	0	ssDNA
9aadc722-28b2-4724-9949-7a15700441e1	1	2	660	1988	0.960	0.960	1	2	660	1988	NA	NA	0	1	2	660	1988	0.827	0	NCLDV
9819cba0-be16-4f8d-8f54-23f6d265c24a	1	2	32	1462	0.900	0.900	1	2	32	1462	NA	NA	0	1	2	32	1462	0.940	0	ssDNA
97dba5f1-6f63-4061-a0bc-42044022c571	3	5	4214	5102	0.973	0.973	1	5	2053	5102	NA	NA	0	1	5	2053	5102	0.673	0	dsDNAphage
95f1b6a0-3d57-4e91-b707-6e8c97fd085d	2	4	2118	4253	0.967	0.973	1	5	3	5520	NA	NA	0	1	5	3	5520	0.687	0	ssDNA
95ce3580-e609-458b-850d-836733a1e731	1	13	1	6900	0.760	0.773	1	13	1	6900	NA	NA	0	1	13	1	6900	0.767	0	dsDNAphage
95bc3097-6726-43d3-a90c-60287d634154	1	4	617	1819	0.920	0.920	1	4	617	1819	NA	NA	0	1	4	617	1819	0.813	0	dsDNAphage
95a17a61-0994-4f78-aa1b-f7e14f9bfa61	2	4	826	3096	0.960	1.000	1	8	32	7955	NA	NA	0	1	8	32	7955	0.707	0	ssDNA
938a362c-cd99-4a77-bdc1-4818f7e158f1	1	3	3	2188	0.787	0.787	1	4	3	4232	NA	NA	0	1	4	3	4232	0.620	0	ssDNA
9327d148-cd7d-4fcd-b844-0083225d5afa	1	2	3	285	0.893	0.893	1	2	3	285	NA	NA	0	1	2	3	285	0.787	0	ssDNA
930e3c5f-32ed-42a8-88da-4985a1a06832	1	6	68	3359	1.000	1.000	1	10	68	5781	NA	NA	0	1	10	68	5781	0.693	0	ssDNA
9225c993-5641-436b-a061-9770bfb519ac	1	2	2	357	0.887	0.887	1	2	2	357	NA	NA	0	1	2	2	357	0.913	0	ssDNA
91393bc1-d591-47f7-b6e4-9ad39d6b7338	1	5	108	4071	0.973	1.000	1	6	108	4882	NA	NA	0	1	6	108	4882	0.753	0	ssDNA
90dd383d-7561-4ffd-9417-0dbf1e0c4764	1	4	535	2927	0.993	0.993	1	4	535	2927	NA	NA	0	1	4	535	2927	0.840	0	ssDNA
904f9aae-a810-4160-ac26-a7082cd30ccb	2	6	620	2276	0.953	0.973	1	7	7	2729	NA	NA	0	1	7	7	2729	0.900	0	ssDNA
902535e9-26b9-427e-9d17-f55ae695c758	1	2	1695	2382	0.967	0.967	1	4	1695	6511	NA	NA	0	1	4	1695	6511	0.880	0	lavidaviridae
90034f67-7782-4ca7-9672-a8d2d0582063	2	3	707	3048	0.573	0.573	1	4	1	3574	NA	NA	0	1	4	1	3574	0.640	0	NCLDV
8f981771-1f66-40aa-a2ab-5b180f6b125d	1	3	2	779	0.947	0.947	1	3	2	779	NA	NA	0	1	3	2	779	0.993	0	ssDNA
8f82f6c7-7834-4fa9-86b1-26fa44403401	3	4	5017	5994	0.980	0.980	1	6	1113	7480	NA	NA	0	1	6	1113	7480	0.673	0	dsDNAphage
8f79395c-ce81-46c8-bd9b-a5ff9e4b53ba	1	2	502	1005	0.685	0.685	1	2	502	1005	NA	NA	0	1	2	502	1005	0.710	0	RNA
8f6ef9e6-7440-4144-85a2-a5808834862a	1	20	215	9116	0.927	0.967	1	20	215	9116	NA	NA	0	1	20	215	9116	0.933	0	dsDNAphage
8f042efb-985a-4812-ad11-db7a75c03f1a	1	4	583	3023	0.960	1.000	1	5	583	4107	NA	NA	0	1	5	583	4107	0.893	0	ssDNA
8ea0f590-93d0-456b-9f71-64954b2befd2	1	3	569	1932	0.960	1.000	1	5	569	2782	NA	NA	0	1	5	569	2782	0.807	0	ssDNA
8e4e0253-f38b-41c7-babc-ee67491f09ef	5	6	3596	4371	0.993	0.993	1	6	876	4371	NA	NA	0	1	6	876	4371	0.533	0	ssDNA
8dd964ac-6c7e-4a3b-87ac-b6de5baf4fc5	2	4	1102	2293	0.927	0.967	1	4	13	2293	NA	NA	0	1	4	13	2293	0.513	0	ssDNA
8dc10f2f-0a50-4d53-9418-c6d68949a2d9	1	6	868	6342	0.987	0.987	1	6	868	6342	NA	NA	0	1	6	868	6342	0.953	0	NCLDV
8c51ae61-b904-478d-aa13-cd538ddfbf84	2	6	635	3968	1.000	1.000	1	6	1	3968	NA	NA	0	1	6	1	3968	0.973	0	ssDNA
8bde307a-1637-4b95-97eb-81121b9ad221	2	4	463	3970	0.827	0.853	1	4	3	3970	NA	NA	0	1	4	3	3970	0.807	0	NCLDV
8b1baa36-efa5-4973-831b-303803e5e750	1	3	3	1339	0.953	0.993	1	3	3	1339	NA	NA	0	1	3	3	1339	1.000	0	ssDNA
8b147e17-113a-47eb-9a7c-bb967cb46b83	1	16	3	8662	0.953	0.960	1	18	3	9273	NA	NA	0	1	18	3	9273	0.880	1	dsDNAphage
8a90bd0b-e17b-4faa-b498-97ad4d08a827	1	2	750	1131	0.833	0.833	1	2	750	1131	NA	NA	0	1	2	750	1131	0.973	0	ssDNA
89f50194-fb0d-4423-be04-00bb8af17bf2	1	3	3	1825	0.987	0.987	1	3	3	1825	NA	NA	0	1	3	3	1825	0.973	3	dsDNAphage
89969ee3-8bc4-480e-910a-6da164315189	5	6	4398	6102	0.993	0.993	1	6	3	6102	NA	NA	0	1	6	3	6102	0.600	0	ssDNA
896e91e9-2ce5-4da6-b17d-b942f8c6ffb9	4	6	1547	4388	0.953	0.953	1	7	1	4788	NA	NA	0	1	7	1	4788	0.800	0	ssDNA
8966929e-d5dd-4587-ad5c-cdc20bccdcca	1	4	2	1970	0.973	0.980	1	4	2	1970	NA	NA	0	1	4	2	1970	0.593	0	ssDNA
8936b67c-86e9-40d1-9393-5eb3add38595	2	4	492	1235	0.933	0.960	1	5	3	2318	NA	NA	0	1	5	3	2318	0.967	0	ssDNA
859b1239-9561-4852-ab89-00193d8c5f18	1	2	2	930	0.960	0.980	1	3	2	1336	NA	NA	0	1	3	2	1336	0.980	0	ssDNA
84117773-db68-4d56-895a-3bd470c5187d	1	3	289	1414	0.885	0.885	1	3	289	1414	NA	NA	0	1	3	289	1414	0.810	0	RNA
83da45f1-f0e8-4b43-85e9-926dd5a6c4a1	1	2	3	1108	1.000	1.000	1	2	3	1108	NA	NA	0	1	2	3	1108	1.000	0	ssDNA
83c0a5a8-b39c-42df-b593-8e26b6a5bf7c	1	10	2	4581	0.933	0.947	1	10	2	4581	NA	NA	0	1	10	2	4581	0.900	0	dsDNAphage
820c51e1-71b1-4b6f-a54e-a19ca89759b3	1	5	394	3367	0.947	0.973	1	9	394	5690	NA	NA	0	1	9	394	5690	0.820	0	dsDNAphage
806be532-8df2-4d08-8c5f-d72d6b748578	2	9	556	3998	0.920	0.947	1	9	332	3998	NA	NA	0	1	9	332	3998	0.893	0	lavidaviridae
80223cf4-ea51-47b8-84ed-5135275f6d54	3	4	2457	3650	0.900	0.900	1	4	146	3650	NA	NA	0	1	4	146	3650	0.500	0	lavidaviridae
7f9bcd29-32e4-4bcb-ae7d-8c86cc39fc58	1	8	563	4274	1.000	1.000	1	8	563	4274	NA	NA	0	1	8	563	4274	1.000	1	dsDNAphage
7f503313-adf9-4a8b-b8da-59d54af68a65	1	12	164	4153	0.987	1.000	1	12	164	4153	NA	NA	0	1	12	164	4153	0.987	8	dsDNAphage
7ebe50bd-9ab9-4833-8215-8ad4dbcf46c7	1	4	242	2527	0.940	0.953	1	4	242	2527	NA	NA	0	1	4	242	2527	0.860	0	dsDNAphage
7e9f1785-03af-4611-8987-45ef0cacc8fa	2	4	1462	2321	0.733	0.733	1	4	404	2321	NA	NA	0	1	4	404	2321	0.547	0	lavidaviridae
7e27195a-c521-4d38-a3bc-f1252da1720d	2	6	746	3439	0.953	0.973	1	6	314	3439	NA	NA	0	1	6	314	3439	0.940	1	dsDNAphage
7dce5976-a4fa-4712-a949-30c26ef96ff0	1	8	77	2429	0.980	0.993	1	8	77	2429	NA	NA	0	1	8	77	2429	0.987	1	dsDNAphage
7da39b6b-4ce3-4e32-ac68-7a39a99c5795	2	4	2736	6592	0.900	0.900	1	4	604	6592	NA	NA	0	1	4	604	6592	0.653	0	NCLDV
7d29b2cc-50b4-446f-9ab8-f70aa9797d5b	1	2	1062	1909	0.993	0.993	1	2	1062	1909	NA	NA	0	1	2	1062	1909	0.927	0	ssDNA
7cdf3e10-9fbb-45d0-aee6-83e7caeebf31	1	7	1	2939	0.993	0.993	1	7	1	2939	NA	NA	0	1	7	1	2939	0.987	1	dsDNAphage
7c532531-45e6-499e-99d2-52c1127e21fb	1	3	104	1320	0.847	0.847	1	3	104	1320	NA	NA	0	1	3	104	1320	0.800	0	ssDNA
7bed6f0b-5dac-463a-97fa-ea025895fb51	2	5	450	1634	0.953	0.993	1	6	2	3428	NA	NA	0	1	6	2	3428	0.513	0	dsDNAphage
7bc40263-86b5-45d7-be70-b15c8fb9c104	1	4	2	877	0.973	0.973	1	4	2	877	NA	NA	0	1	4	2	877	0.967	1	dsDNAphage
7a538dc9-91de-4760-a0b1-1fc3504758cf	1	3	210	994	0.987	0.987	1	3	210	994	NA	NA	0	1	3	210	994	0.993	0	dsDNAphage
79fafb86-43b9-4c43-85d5-5e6591826b3d	1	4	1571	3705	0.993	0.993	1	4	1571	3705	NA	NA	0	1	4	1571	3705	0.827	0	ssDNA
79df1aea-34d1-4e33-8506-bf924dd68cd8	1	7	350	4290	0.987	1.000	1	7	350	4290	NA	NA	0	1	7	350	4290	0.993	3	dsDNAphage
7898705b-b8a2-401f-b0b8-57e2da9fbce1	1	9	87	4152	0.967	0.987	1	9	87	4152	NA	NA	0	1	9	87	4152	0.973	5	dsDNAphage
77ceaf5f-ad2d-4e20-b1c6-171667107f50	1	8	185	3119	0.853	0.873	1	10	185	5263	NA	NA	0	1	10	185	5263	0.807	0	dsDNAphage
764bcf8d-8643-4195-9083-0479ff1d1015	3	4	1294	1676	0.973	0.973	1	6	794	2310	NA	NA	0	1	6	794	2310	0.607	0	lavidaviridae
75c5ee07-519f-416d-977d-f1fe9f4be1df	1	3	2	2428	0.893	0.893	1	3	2	2428	NA	NA	0	1	3	2	2428	0.973	1	dsDNAphage
75ac6dc8-0d67-4e73-a655-02e12a1c35c8	1	5	2	2248	0.960	0.960	1	9	2	4812	NA	NA	0	1	9	2	4812	0.633	0	lavidaviridae
75888679-aacc-4519-b3de-41abae3bfe10	1	3	1	1818	0.980	1.000	1	3	1	1818	NA	NA	0	1	3	1	1818	1.000	1	dsDNAphage
750af31c-aae9-45ef-b686-857bdf693fa9	1	6	2413	5604	0.907	0.913	1	7	2413	6227	NA	NA	0	1	7	2413	6227	0.947	0	lavidaviridae
74bdcca2-e2c2-40bd-989c-e6e8596a9d69	2	5	213	3965	0.987	0.987	1	5	2	3965	NA	NA	0	1	5	2	3965	0.980	0	lavidaviridae
74abab53-2b59-49d9-bbb6-b5d0d7913d08	1	3	282	3420	0.653	0.653	1	4	282	3659	NA	NA	0	1	4	282	3659	0.600	0	dsDNAphage
742c1bcf-6170-43ee-9286-0f28140ca138	1	2	1015	1286	0.785	0.785	1	2	1015	1286	NA	NA	0	1	2	1015	1286	0.890	0	RNA
740c73d4-8a40-432e-a5dc-fbf762e06f2d	1	2	865	1451	0.800	0.800	1	2	865	1451	NA	NA	0	1	2	865	1451	0.587	0	lavidaviridae
73d6eb33-a4cd-4c96-9388-0944a662a0e4	2	12	973	6697	0.913	0.920	1	13	3	7579	NA	NA	0	1	13	3	7579	0.713	0	dsDNAphage
72dab076-73f8-4e3e-a3ef-b4593260b732	3	5	372	1990	0.973	0.987	1	5	3	1990	NA	NA	0	1	5	3	1990	0.807	0	lavidaviridae
7289387d-410d-40b1-8a5f-edf3c45990e5	1	3	584	1883	0.927	0.927	1	3	584	1883	NA	NA	0	1	3	584	1883	0.573	0	ssDNA
71fef50e-9ca0-4539-8edb-514116bb8a96	1	6	1	3187	0.960	1.000	1	6	1	3187	NA	NA	0	1	6	1	3187	0.993	0	ssDNA
717d73f0-e1e9-494f-a79d-4b6d507a837a	1	3	59	1206	0.980	0.993	1	5	59	2095	NA	NA	0	1	5	59	2095	0.913	0	ssDNA
714fb142-58fa-46b0-8b8e-1b4218085981	4	6	1842	3540	0.960	1.000	1	6	2	3540	NA	NA	0	1	6	2	3540	0.813	0	ssDNA
711d8875-91a7-4fee-b8a8-c80ff199dd29	1	3	800	2130	0.987	0.993	1	3	800	2130	NA	NA	0	1	3	800	2130	0.940	0	ssDNA
70ef4b39-e919-462a-97e6-c861f434a713	1	6	640	2935	0.920	0.960	1	7	640	3243	NA	NA	0	1	7	640	3243	0.907	2	dsDNAphage
709146ff-2a6b-4260-b724-c807907d16e8	1	2	1067	1957	0.960	0.960	1	2	1067	1957	NA	NA	0	1	2	1067	1957	0.807	0	ssDNA
702be6d1-4a72-4efa-bf5c-9f3de442621b	1	3	1	1429	0.867	0.873	1	5	1	2499	NA	NA	0	1	5	1	2499	0.840	0	ssDNA
701c4368-2b5e-48cd-a141-9022d08a6046	1	2	17	1001	0.927	0.927	1	3	17	1432	NA	NA	0	1	3	17	1432	0.567	0	ssDNA
6f9e325c-87a1-4448-9f82-ea5ea1765b12	1	6	1	3522	0.773	0.813	1	6	1	3522	NA	NA	0	1	6	1	3522	0.760	0	lavidaviridae
6f86cf17-0acd-454c-a2a6-ba3dc34ee39c	1	2	701	1663	0.893	0.893	1	2	701	1663	NA	NA	0	1	2	701	1663	0.573	0	lavidaviridae
6f7c823b-82fe-4319-ab74-d50192a726a1	1	3	7	1636	0.705	0.705	1	3	7	1636	NA	NA	0	1	3	7	1636	0.675	0	RNA
6f32964d-b076-4999-9e71-618f3675d19e	4	5	5578	6355	0.940	0.940	1	5	318	6355	NA	NA	0	1	5	318	6355	0.853	0	lavidaviridae
6dd3acab-1c5c-4c22-a790-c6089afeaf3d	1	3	2	1745	0.860	0.860	1	3	2	1745	NA	NA	0	1	3	2	1745	0.840	1	dsDNAphage
6cd41922-43d7-4e4c-8abc-0c1c90f65b40	4	5	3520	4211	0.967	0.967	1	5	1	4211	NA	NA	0	1	5	1	4211	0.567	0	ssDNA
6c0fe982-0f5a-489b-9a5d-1eeaf59fbb01	1	7	1603	4473	1.000	1.000	1	7	1603	4473	NA	NA	0	1	7	1603	4473	1.000	5	dsDNAphage
6bbf87fa-f1ac-42fb-8a9f-53783d5fbeca	2	5	112	1855	0.953	0.953	1	5	3	1855	NA	NA	0	1	5	3	1855	0.953	0	lavidaviridae
6adf315d-b2b3-4376-afdc-40bb816305f6	1	2	560	963	0.967	0.967	1	4	560	2441	NA	NA	0	1	4	560	2441	0.800	0	ssDNA
6a8a46fd-201e-42bf-a88c-62c78c2436a4	1	4	1	1508	0.947	0.980	1	5	1	2325	NA	NA	0	1	5	1	2325	0.867	0	ssDNA
6a7e046c-c58c-4fd3-9db4-23e07daf6fc7	1	4	837	3961	0.967	0.973	1	5	837	4031	NA	NA	0	1	5	837	4031	0.867	0	ssDNA
6a103465-06cf-4c62-85a2-83dda5714d9c	2	3	1531	3105	1.000	1.000	1	4	74	3199	NA	NA	0	1	4	74	3199	0.820	1	dsDNAphage
69a8329d-af74-4e8c-9852-8c6786428697	3	4	2635	3689	0.993	0.993	1	5	282	5283	NA	NA	0	1	5	282	5283	0.527	0	ssDNA
69351509-3315-4440-b15c-47f1522a67b9	2	6	455	2801	0.980	0.993	1	7	2	3014	NA	NA	0	1	7	2	3014	0.987	0	ssDNA
689b70b5-7b19-4e6a-965e-831304cd0fb7	1	9	483	3230	0.933	0.980	1	9	483	3230	NA	NA	0	1	9	483	3230	0.927	0	dsDNAphage
67c58185-e4ac-445b-896a-6ec6d9b49e47	1	2	260	1062	0.980	0.980	1	3	260	1808	NA	NA	0	1	3	260	1808	0.993	0	ssDNA
664d79b6-290f-42ba-8530-cd6b8c7f7df5	1	3	260	3456	0.973	0.973	1	3	260	3456	NA	NA	0	1	3	260	3456	0.967	0	lavidaviridae
65cbf5b7-4488-4056-8657-9f8992364848	1	6	439	3699	0.980	1.000	1	6	439	3699	NA	NA	0	1	6	439	3699	0.993	3	dsDNAphage
63c65804-da32-41d8-8709-d4215bbf0755	1	3	1	1220	0.907	0.907	1	3	1	1220	NA	NA	0	1	3	1	1220	0.980	0	dsDNAphage
62c6744f-1a5e-4d3d-bbb4-9030d0e35e8d	1	5	3	2312	0.960	0.960	1	5	3	2312	NA	NA	0	1	5	3	2312	0.960	1	dsDNAphage
62b9e46f-7ec9-4b2d-83ac-8a6b86d3a474	2	6	1810	4847	0.933	0.980	1	6	1155	4847	NA	NA	0	1	6	1155	4847	0.927	1	dsDNAphage
627ea546-44de-4c06-bd83-a5ba1097ce1f	1	2	777	1248	0.860	0.860	1	2	777	1248	NA	NA	0	1	2	777	1248	0.913	0	dsDNAphage
616bf275-5a5f-4628-89a8-40a26fa11100	1	5	220	1737	0.920	0.920	1	5	220	1737	NA	NA	0	1	5	220	1737	0.813	0	dsDNAphage
613a507d-7da9-4993-bbc6-b1ad1383fcf1	1	3	100	1288	0.973	0.993	1	3	100	1288	NA	NA	0	1	3	100	1288	0.993	0	ssDNA
60ae79bd-6c02-4414-b356-ab31b248d759	1	2	155	727	0.953	0.953	1	3	155	1601	NA	NA	0	1	3	155	1601	0.933	0	ssDNA
60628d65-b06b-4524-bb20-795bc57248b5	1	4	799	1769	0.807	0.807	1	6	799	3840	NA	NA	0	1	6	799	3840	0.667	0	lavidaviridae
5f55af2d-97e9-4629-a4e6-cc25358a7d81	1	4	3	1314	0.993	0.993	1	4	3	1314	NA	NA	0	1	4	3	1314	1.000	1	dsDNAphage
5e5a09ae-ab87-41ed-a3d9-8df22a9ff885	1	6	431	2903	0.980	0.993	1	6	431	2903	NA	NA	0	1	6	431	2903	0.967	1	dsDNAphage
5ba8f1eb-818f-4011-96d6-cca625f5ea7e	1	2	1	568	0.880	0.880	1	2	1	568	NA	NA	0	1	2	1	568	0.987	0	ssDNA
5a83d7fc-4801-499a-9347-1d0740fbfbc9	2	3	771	1327	0.947	0.947	1	3	2	1327	NA	NA	0	1	3	2	1327	0.667	0	ssDNA
588d087e-d242-4e5f-bff6-db582bf0aa45	5	7	2286	3789	0.980	0.980	1	11	1	5664	NA	NA	0	1	11	1	5664	0.500	0	ssDNA
57457419-9326-493b-905c-316838472626	4	6	5031	8384	0.927	0.947	1	6	1	8384	NA	NA	0	1	6	1	8384	0.800	0	lavidaviridae
56da11ab-15ad-42bf-bcc6-17e9ad24d168	1	3	3	1085	0.953	0.953	1	3	3	1085	NA	NA	0	1	3	3	1085	0.987	0	ssDNA
56823394-f47b-4a5d-95be-3839ba4496f4	2	3	427	2720	0.900	0.900	1	3	3	2720	NA	NA	0	1	3	3	2720	0.873	0	NCLDV
56610f6e-415b-4821-bf69-772fa5316ce1	1	5	2	2257	0.907	0.927	1	7	2	3117	NA	NA	0	1	7	2	3117	0.893	0	dsDNAphage
5621588c-9209-4591-b2e9-820f2bfa052f	3	6	2397	4115	0.980	1.000	1	8	1	5356	NA	NA	0	1	8	1	5356	0.607	0	ssDNA
5480ff93-e718-42e9-89b4-68d62c7a5d06	1	3	2	934	0.847	0.847	1	4	2	1084	NA	NA	0	1	4	2	1084	0.827	0	ssDNA
547af2d8-3370-4bfc-bb00-ac32ce108d63	1	3	1	1847	0.553	0.580	1	3	1	1847	NA	NA	0	1	3	1	1847	0.593	0	NCLDV
5064a83d-edd1-4136-9580-71a3ab93b18c	1	2	39	885	1.000	1.000	1	3	39	1160	NA	NA	0	1	3	39	1160	1.000	0	ssDNA
4ff0f1c8-8b08-4837-908f-ccaed154d81f	1	2	269	803	0.973	0.973	1	2	269	803	NA	NA	0	1	2	269	803	0.973	0	ssDNA
4fefb016-c914-4511-85c8-49818d28d50f	1	5	4	1599	0.820	0.820	1	5	4	1599	NA	NA	0	1	5	4	1599	0.667	0	ssDNA
4face0a1-3d4c-46d4-8fab-3409d975d52e	2	5	2288	4124	0.967	0.967	1	5	2	4124	NA	NA	0	1	5	2	4124	0.660	0	ssDNA
4f8fc721-a2d9-49c0-ae65-941842988520	2	3	1073	2067	1.000	1.000	1	3	1	2067	NA	NA	0	1	3	1	2067	0.540	0	ssDNA
4ed313cd-a64b-4af3-83e9-0e9172c62ad7	1	2	1344	4796	0.767	0.767	1	2	1344	4796	NA	NA	0	1	2	1344	4796	0.760	0	lavidaviridae
4e8241e9-01dd-4c55-83c2-31fbb5d0a8ce	5	8	2865	9656	0.913	0.933	1	9	721	10648	NA	NA	0	1	9	721	10648	0.513	0	lavidaviridae
4e4a6057-be3b-45ef-8bb9-2a986193bd91	1	6	378	1902	0.960	0.967	1	6	378	1902	NA	NA	0	1	6	378	1902	0.973	2	dsDNAphage
4d8af0c7-2d3a-4bf2-a857-ad92bfc14a4e	1	2	654	1669	0.760	0.760	1	3	654	1879	NA	NA	0	1	3	654	1879	0.620	0	ssDNA
4d22de08-c327-43df-8ab3-f61ac34dcc2e	1	3	800	2504	1.000	1.000	1	3	800	2504	NA	NA	0	1	3	800	2504	0.987	0	ssDNA
4d213df6-4683-4082-a258-782218b1d350	1	2	191	835	0.853	0.853	1	3	191	1508	NA	NA	0	1	3	191	1508	0.813	0	ssDNA
4be79dc2-399f-4a2f-83ba-adfd73065282	1	2	172	935	0.913	0.913	1	2	172	935	NA	NA	0	1	2	172	935	0.853	0	ssDNA
49195cc0-070f-48e2-8727-9ca85aec3d82	1	3	390	1091	0.720	0.720	1	3	390	1091	NA	NA	0	1	3	390	1091	0.507	0	NCLDV
48ad6279-d732-4057-b82e-329da9cab492	1	3	181	2335	0.993	0.993	1	6	181	3925	NA	NA	0	1	6	181	3925	0.827	0	lavidaviridae
488ae676-906a-4463-a971-0f5ba62966bf	1	2	30	1008	0.553	0.553	1	3	30	1216	NA	NA	0	1	3	30	1216	0.580	0	lavidaviridae
4885904f-e2f4-4ef1-9bae-e8d895425329	1	2	1	667	0.900	0.900	1	3	1	1303	NA	NA	0	1	3	1	1303	0.893	0	ssDNA
4872ce7f-1b2a-4078-8c20-263049dcf82d	1	2	195	960	0.993	0.993	1	3	195	1582	NA	NA	0	1	3	195	1582	1.000	0	ssDNA
47b96716-494c-480f-97c7-2d15064f6b44	1	12	291	8417	0.927	0.927	1	12	291	8417	NA	NA	0	1	12	291	8417	0.933	1	dsDNAphage
470c9e5d-ca9f-42a1-a355-aeb9b90d827e	1	3	254	1123	0.980	0.993	1	3	254	1123	NA	NA	0	1	3	254	1123	0.993	0	ssDNA
464d30cc-4a5f-4720-a5bd-ae454f31666c	1	9	1334	8391	0.880	0.907	1	11	1334	9697	NA	NA	0	1	11	1334	9697	0.840	0	lavidaviridae
45af4cc2-b612-4497-836d-dc8697ab0107	5	12	2280	6513	0.807	0.807	1	12	718	6513	NA	NA	0	1	12	718	6513	0.620	0	dsDNAphage
45011fe5-190f-4285-972c-8547fc1909d0	1	4	1	1379	0.960	0.980	1	4	1	1379	NA	NA	0	1	4	1	1379	0.993	1	dsDNAphage
442a2e9c-496f-4c28-a13c-b97ca1c4eee9	1	2	3	422	0.820	0.820	1	2	3	422	NA	NA	0	1	2	3	422	0.987	0	ssDNA
42c5e98f-3c98-4356-b2e0-5d035f9539fe	1	3	1439	2291	0.867	0.867	1	3	1439	2291	NA	NA	0	1	3	1439	2291	0.520	0	ssDNA
400f2721-f4f0-4127-a952-acc942035234	1	3	142	1005	0.773	0.773	1	3	142	1005	NA	NA	0	1	3	142	1005	0.713	0	ssDNA
3da17466-b215-4ee9-a7f0-15db29d898fa	1	2	103	1207	0.953	0.953	1	4	103	3448	NA	NA	0	1	4	103	3448	0.800	0	ssDNA
3c773554-c686-45d3-bdb3-cec44d99ae82	4	5	1643	2499	0.960	0.960	1	5	3	2499	NA	NA	0	1	5	3	2499	0.867	0	ssDNA
3c4c2e19-f913-4684-a013-94c150cad80f	1	3	3	981	0.947	0.947	1	3	3	981	NA	NA	0	1	3	3	981	0.893	0	ssDNA
3a6a64ff-a8d4-43b3-8239-d83aebe47ff5	2	3	312	1070	0.840	0.840	1	5	3	1909	NA	NA	0	1	5	3	1909	0.625	0	RNA
3a31089f-5584-4347-9299-00c8799fefff	1	2	2	1167	0.873	0.873	1	2	2	1167	NA	NA	0	1	2	2	1167	0.933	0	ssDNA
39aa6f70-ed26-45a3-bd58-2fc608cb54ef	1	3	20	2339	0.913	0.960	1	4	20	3481	NA	NA	0	1	4	20	3481	0.653	0	ssDNA
38c9bb0d-d9a5-4cf8-81b9-2a721e545362	1	11	2611	7651	0.913	0.947	1	12	2611	9627	NA	NA	0	1	12	2611	9627	0.780	0	dsDNAphage
38c34e23-b62c-434b-a25a-a0b1bdda1a7a	2	3	316	787	0.893	0.893	1	3	3	787	NA	NA	0	1	3	3	787	0.907	0	ssDNA
36a314fe-e117-42cd-a010-11da45f22977	2	3	1280	1563	0.933	0.933	1	4	711	2711	NA	NA	0	1	4	711	2711	0.593	0	ssDNA
36631ab2-86b4-4fa2-bd4a-7515ac2424f8	1	12	117	8648	0.967	0.987	1	12	117	8648	NA	NA	0	1	12	117	8648	0.973	0	lavidaviridae
35d8166e-b8b2-4db9-8070-d0119067e33e	1	4	3	2368	0.987	1.000	1	5	3	2611	NA	NA	0	1	5	3	2611	0.920	0	ssDNA
3581b04f-b3dc-4d76-9cd1-63e2ca426f31	1	3	3	1685	0.967	0.967	1	4	3	2574	NA	NA	0	1	4	3	2574	0.927	0	ssDNA
35447795-1efb-4eb4-8cd5-ba727fe406f1	3	6	1697	3558	0.953	0.953	1	6	431	3558	NA	NA	0	1	6	431	3558	0.713	0	dsDNAphage
33894757-a43d-40d9-b891-e73b0072ed65	1	2	700	1934	0.807	0.807	1	2	700	1934	NA	NA	0	1	2	700	1934	0.893	0	ssDNA
33343d3a-f8ed-4ecb-bce0-7adb64af5ab0	1	9	2053	7245	0.720	0.753	1	9	2053	7245	NA	NA	0	1	9	2053	7245	0.613	0	dsDNAphage
31dfa8eb-78ab-4725-b7a0-2daa4d2ff3f6	1	6	231	3642	0.980	0.993	1	10	231	7387	NA	NA	0	1	10	231	7387	0.627	0	ssDNA
2f6389d1-59ce-4c1b-aa91-941ace06ef91	1	7	107	4636	0.980	0.993	1	7	107	4636	NA	NA	0	1	7	107	4636	0.980	1	dsDNAphage
2dd7fe64-d5e1-4398-a848-c9a07df896e0	3	4	1794	3808	0.760	0.760	1	4	1363	3808	NA	NA	0	1	4	1363	3808	0.533	0	lavidaviridae
2da281a9-3a8c-4cfc-b69e-357b36fa005b	1	3	2	955	0.600	0.600	1	3	2	955	NA	NA	0	1	3	2	955	0.535	0	RNA
2d8f9359-4973-4012-a407-87094ef3cfc1	1	3	182	903	0.867	0.867	1	4	182	2270	NA	NA	0	1	4	182	2270	0.753	0	ssDNA
2d3e0c4c-b59c-45f8-8b78-c74fd149c614	1	4	99	2128	0.960	0.987	1	4	99	2128	NA	NA	0	1	4	99	2128	0.780	0	ssDNA
2bb93942-a03d-4f74-9ae1-526b549a41b8	1	2	2	843	0.973	0.973	1	3	2	1599	NA	NA	0	1	3	2	1599	0.687	0	dsDNAphage
2b492e4a-301e-4d22-801c-268d3d176eb0	1	4	3	1092	0.980	0.980	1	5	3	2091	NA	NA	0	1	5	3	2091	0.893	0	dsDNAphage
2a3a6392-f0fa-4bd0-985d-c2f4ab0a5543	3	5	1703	2906	0.993	0.993	1	9	858	4570	NA	NA	0	1	9	858	4570	0.693	0	ssDNA
299e5021-ecf1-4abd-a664-274c900fb0e7	1	5	2	2783	0.940	0.940	1	7	2	4806	NA	NA	0	1	7	2	4806	0.833	0	dsDNAphage
2880d692-764b-4cac-9f9e-2e200b7fbc16	2	3	1700	2432	0.940	0.940	1	3	419	2432	NA	NA	0	1	3	419	2432	0.833	0	lavidaviridae
279ebffa-30f8-47ce-8eff-a1df79c84bc7	2	4	398	1868	0.507	0.507	1	4	3	1868	NA	NA	0	1	4	3	1868	0.593	0	lavidaviridae
26c6e5db-573a-4a7a-9900-1e3beb469777	3	6	1829	3257	0.993	0.993	1	7	906	4364	NA	NA	0	1	7	906	4364	0.667	0	ssDNA
24cc891e-7ea2-49eb-b156-ec5b94161b94	1	2	1	1023	1.000	1.000	1	2	1	1023	NA	NA	0	1	2	1	1023	1.000	0	ssDNA
239d1fda-371c-468f-89e4-de894c58584f	1	5	2233	4695	0.973	1.000	1	5	2233	4695	NA	NA	0	1	5	2233	4695	0.807	0	ssDNA
22a96ff3-6251-4793-9a2b-a6d324b7b7f2	5	10	2178	3821	0.770	0.775	1	10	1226	3821	NA	NA	0	1	10	1226	3821	0.715	0	RNA
227a0249-db24-4852-a06b-0635cc9e7e19	4	8	2269	4035	0.980	0.987	1	8	426	4035	NA	NA	0	1	8	426	4035	0.780	0	dsDNAphage
2216b00e-6476-4507-99f3-40d6a113205f	1	2	902	1234	0.520	0.520	1	2	902	1234	NA	NA	0	1	2	902	1234	0.515	0	RNA
2204a293-4ab8-4b43-b304-421305fcaf1e	2	3	170	696	0.760	0.760	1	3	2	696	NA	NA	0	1	3	2	696	0.730	0	RNA
21e9cb07-bf1c-4ef1-be06-7e524f952eee	1	2	378	1252	0.585	0.585	1	2	378	1252	NA	NA	0	1	2	378	1252	0.530	0	RNA
21da37a3-b822-41e5-a829-8d8a73e5e22c	1	4	3	1802	1.000	1.000	1	4	3	1802	NA	NA	0	1	4	3	1802	0.993	0	ssDNA
20c3da38-f66e-46c1-afcf-462ecd4469c3	1	7	870	7731	1.000	1.000	1	7	870	7731	NA	NA	0	1	7	870	7731	1.000	0	lavidaviridae
1f6ea2b5-ff15-4ba8-9e91-40c775426cb3	1	5	726	4785	0.680	0.713	1	5	726	4785	NA	NA	0	1	5	726	4785	0.680	0	lavidaviridae
1f199ef2-01cb-4226-9bee-1bdd38a7f8f9	1	3	66	3083	0.867	0.867	1	4	66	4327	NA	NA	0	1	4	66	4327	0.687	0	NCLDV
1d03ca8f-2f48-4d38-bd39-3bd44fa1b046	1	3	2440	4673	0.973	0.973	1	5	2440	4961	NA	NA	0	1	5	2440	4961	0.707	0	ssDNA
1bdd73b6-5cd0-47a4-aaa6-f8d806690686	1	5	1	1091	0.927	0.933	1	5	1	1091	NA	NA	0	1	5	1	1091	0.893	0	ssDNA
1bd86929-a38a-48a4-a962-4bcd356e32a0	1	9	3	5052	0.953	1.000	1	9	3	5052	NA	NA	0	1	9	3	5052	0.953	3	dsDNAphage
1b77972d-43d0-48ac-b611-223d94b430e2	1	2	2	485	0.605	0.605	1	2	2	485	NA	NA	0	1	2	2	485	0.570	0	RNA
1b2d1709-0f0d-450a-900d-3e56ee5d8e7a	1	11	1032	12667	0.973	0.980	1	11	1032	12667	NA	NA	0	1	11	1032	12667	0.973	1	dsDNAphage
1a824adb-2fe5-4e78-8258-a0eeb26a3a63	1	2	2	377	0.933	0.933	1	2	2	377	NA	NA	0	1	2	2	377	0.693	0	dsDNAphage
1a722741-6c18-4724-9925-657d9e921aeb	1	3	270	2663	0.993	1.000	1	3	270	2663	NA	NA	0	1	3	270	2663	0.993	1	dsDNAphage
195f69e1-7637-4a25-ae1b-42e92e5734f0	2	3	255	891	0.785	0.785	1	3	3	891	NA	NA	0	1	3	3	891	0.910	0	RNA
190df816-c59e-433b-abd7-d2349b438287	2	3	172	1287	0.967	0.967	1	5	2	3310	NA	NA	0	1	5	2	3310	0.607	0	ssDNA
18e046b9-6515-4dd2-abe0-cda0af4c5cd3	3	4	1193	2310	0.720	0.720	1	7	2	3691	NA	NA	0	1	7	2	3691	0.585	0	RNA
189ba0cf-2771-4cb0-9b0d-bb6c40dbbaf1	1	3	208	3748	0.753	0.753	1	3	208	3748	NA	NA	0	1	3	208	3748	0.740	0	dsDNAphage
177f261e-171c-4d8b-b8eb-73fbbfe9c428	1	2	347	1049	0.987	0.987	1	3	347	1499	NA	NA	0	1	3	347	1499	0.953	0	ssDNA
1779459c-daed-40ff-9d1f-a0c8b99a885c	1	2	7	543	0.727	0.727	1	2	7	543	NA	NA	0	1	2	7	543	0.827	0	ssDNA
17124f68-8ee0-4056-bb8e-33731018e18a	1	7	493	3450	0.953	0.967	1	8	493	4734	NA	NA	0	1	8	493	4734	0.880	0	dsDNAphage
12e5e596-3aa5-429a-bc7f-afe7fdfa8279	3	6	885	3509	0.953	0.960	1	6	2	3509	NA	NA	0	1	6	2	3509	0.900	1	dsDNAphage
12e2f021-b5da-4f17-896b-5463a9b1be52	1	2	2	1323	0.993	0.993	1	2	2	1323	NA	NA	0	1	2	2	1323	0.993	1	dsDNAphage
12818cb8-9697-460b-b7c9-a1b299eb92d1	2	3	539	1077	0.795	0.795	1	3	3	1077	NA	NA	0	1	3	3	1077	0.910	0	RNA
11dc0817-2c9e-482e-9421-44ea457b69b8	2	3	3118	3588	0.700	0.700	1	3	2185	3588	NA	NA	0	1	3	2185	3588	0.655	0	RNA
11149f10-d7d4-4c85-9232-fdc614af90ee	1	2	123	904	0.967	0.967	1	4	123	3032	NA	NA	0	1	4	123	3032	0.867	0	dsDNAphage
1039be68-3201-4d10-af16-d9ce0e42692e	2	3	1737	2379	0.987	0.987	1	5	475	4336	NA	NA	0	1	5	475	4336	0.893	0	dsDNAphage
101aad20-8b76-43e5-b778-1b2c37517857	3	5	1052	2264	0.893	0.893	1	5	3	2264	NA	NA	0	1	5	3	2264	0.813	0	ssDNA
0ecdfc7c-1b94-4106-84b3-a1e9abd94b8e	1	2	1	800	0.853	0.853	1	2	1	800	NA	NA	0	1	2	1	800	0.980	0	ssDNA
0e2196a3-634c-48d8-8cef-b17474e32b10	2	3	1519	3036	0.880	0.880	1	4	1244	5250	NA	NA	0	1	4	1244	5250	0.693	0	lavidaviridae
0ca7879f-9f8b-4e68-85df-40b98126cdaa	1	2	16	1554	0.580	0.580	1	3	16	1692	NA	NA	0	1	3	16	1692	0.510	0	RNA
0c7362a1-8be3-4247-abe6-887e493d66a0	1	2	3	433	0.987	0.987	1	2	3	433	NA	NA	0	1	2	3	433	1.000	0	ssDNA
0c50c675-99fe-4114-b1f4-5dd253184dc8	1	4	945	2555	0.980	0.980	1	4	945	2555	NA	NA	0	1	4	945	2555	0.960	0	ssDNA
0c37483a-e27c-430d-8a9a-fc27f1314de6	1	3	604	1627	0.893	0.920	1	3	604	1627	NA	NA	0	1	3	604	1627	0.667	0	ssDNA
0bd3c519-741a-49e6-ae11-5ded18e6d92a	1	2	2	1491	0.510	0.510	1	2	2	1491	NA	NA	0	1	2	2	1491	0.660	0	RNA
0a6c5718-4627-48e5-8399-6ce7afc2205f	1	2	1038	1685	0.987	0.987	1	3	1038	1858	NA	NA	0	1	3	1038	1858	0.887	0	dsDNAphage
09ff671e-e142-43bf-b17d-15873f40bd3a	1	5	45	1941	0.967	1.000	1	9	45	3340	NA	NA	0	1	9	45	3340	0.873	0	ssDNA
09caed1b-3c71-4e6e-a175-8a6511ef5b50	1	3	438	1708	0.980	0.980	1	3	438	1708	NA	NA	0	1	3	438	1708	0.947	0	ssDNA
0946bec1-3989-4daf-9eee-088b88903929	1	2	848	1388	0.987	0.987	1	5	848	3248	NA	NA	0	1	5	848	3248	0.773	0	lavidaviridae
0888900a-121b-41f9-a57f-9c0053180a29	1	4	987	3170	0.907	0.920	1	4	987	3170	NA	NA	0	1	4	987	3170	0.767	0	lavidaviridae
084fb3ad-b0c7-473a-96d4-7c06cd104aea	1	5	204	1903	0.867	0.887	1	7	204	3707	NA	NA	0	1	7	204	3707	0.673	0	dsDNAphage
084a01a0-a800-479a-82dd-9c31a44e7127	1	2	2	863	0.993	0.993	1	5	2	1655	NA	NA	0	1	5	2	1655	0.873	0	ssDNA
06b76d73-2995-40cf-8282-a88a7b87d5f5	1	2	446	1882	0.660	0.660	1	2	446	1882	NA	NA	0	1	2	446	1882	0.650	0	RNA
069e04da-bd41-4bf3-bd23-e87e2fb03a0a	1	9	2	3187	0.993	0.993	1	9	2	3187	NA	NA	0	1	9	2	3187	0.993	4	dsDNAphage
066a8a3d-2f81-4cae-8a2d-9a6e8915820c	1	11	3	8342	0.967	1.000	1	11	3	8342	NA	NA	0	1	11	3	8342	0.973	2	dsDNAphage
06002c85-19a4-4013-ae27-10e88313fa70	1	2	217	1050	0.950	0.950	1	6	217	6090	NA	NA	0	1	6	217	6090	0.600	0	RNA
05ea8cba-da40-40f5-aabf-1d3ee86984c9	1	3	2	1650	0.987	0.987	1	3	2	1650	NA	NA	0	1	3	2	1650	0.973	0	ssDNA
0575f48d-f7c1-4f37-905d-99764636b684	1	3	104	1851	0.987	1.000	1	5	104	3521	NA	NA	0	1	5	104	3521	0.827	0	ssDNA
053cc8b4-c36f-48ae-9ab5-0a9f5ecdbb55	1	6	2	1977	0.960	0.993	1	6	2	1977	NA	NA	0	1	6	2	1977	0.980	1	dsDNAphage
02ac890a-b53d-4b46-96a3-f16a7567d991	2	3	128	1210	0.987	0.987	1	3	1	1210	NA	NA	0	1	3	1	1210	0.853	0	ssDNA
0195085b-2f9b-46af-8018-a61ddcd815b9	1	6	793	3434	0.967	0.980	1	6	793	3434	NA	NA	0	1	6	793	3434	0.980	2	dsDNAphage
01771295-e1a7-45ca-a3be-10e5d6ffe862	1	2	28	976	0.625	0.625	1	2	28	976	NA	NA	0	1	2	28	976	0.680	0	RNA
0098ec66-ca79-4518-88df-313b8ed245c3	1	2	115	1950	0.980	0.980	1	3	115	3579	NA	NA	0	1	3	115	3579	0.920	0	lavidaviridae
